id,in0,in2,in3,in4,in5,in6,in7,in8,in9,in10,in11,in12,in13,in14,in15,in16,in17,in18,in19,in20,in21,in22,in23,out0,out1,out2,out3,out4,out5,out6,out7,out8,out9,out10,out11,out12,out13,out14,out15,out16,out17,out18,out19,out20,out21,out22,out23
31000.0,0.0,0.0,2.0,0.0,0.0,0.0,0.0,1.0,1.0,0.0,2.0,3.0,6.0,3.0,2.0,4.0,4.0,17.0,12.0,2.0,3.0,4.0,5.0,0.0,0.0,1.0,0.0,2.0,0.0,0.0,1.0,3.0,10.0,10.0,5.0,5.0,8.0,14.0,8.0,5.0,10.0,7.0,4.0,7.0,3.0,0.0,3.0,3.0
31001.0,9.0,6.0,1.0,2.0,0.0,1.0,0.0,2.0,4.0,3.0,5.0,4.0,16.0,9.0,8.0,10.0,18.0,19.0,20.0,17.0,11.0,10.0,12.0,8.0,5.0,2.0,1.0,2.0,0.0,0.0,0.0,1.0,9.0,19.0,14.0,23.0,18.0,29.0,20.0,20.0,17.0,13.0,24.0,6.0,16.0,7.0,8.0,4.0
31002.0,1.0,1.0,0.0,2.0,1.0,3.0,14.0,11.0,35.0,64.0,16.0,25.0,26.0,42.0,29.0,62.0,37.0,53.0,64.0,27.0,16.0,7.0,4.0,0.0,1.0,0.0,1.0,0.0,1.0,0.0,1.0,7.0,8.0,6.0,18.0,27.0,29.0,43.0,21.0,31.0,47.0,90.0,49.0,27.0,10.0,12.0,9.0,3.0
31003.0,1.0,0.0,1.0,0.0,2.0,0.0,1.0,6.0,21.0,24.0,10.0,15.0,22.0,17.0,26.0,48.0,50.0,46.0,33.0,18.0,9.0,11.0,8.0,8.0,2.0,0.0,0.0,0.0,0.0,1.0,7.0,5.0,6.0,4.0,21.0,25.0,29.0,38.0,34.0,43.0,42.0,55.0,25.0,10.0,13.0,6.0,9.0,0.0
31004.0,3.0,3.0,0.0,0.0,0.0,0.0,0.0,13.0,2.0,0.0,2.0,4.0,17.0,19.0,20.0,15.0,20.0,70.0,70.0,49.0,34.0,46.0,29.0,15.0,0.0,0.0,0.0,0.0,0.0,0.0,0.0,62.0,52.0,81.0,18.0,30.0,36.0,29.0,28.0,30.0,17.0,21.0,16.0,9.0,4.0,3.0,0.0,1.0
31005.0,0.0,0.0,1.0,0.0,0.0,1.0,8.0,39.0,56.0,69.0,24.0,40.0,44.0,54.0,47.0,50.0,53.0,71.0,90.0,67.0,14.0,10.0,4.0,2.0,6.0,7.0,2.0,1.0,0.0,20.0,22.0,34.0,35.0,47.0,3.0,13.0,37.0,32.0,35.0,27.0,49.0,87.0,95.0,57.0,48.0,45.0,42.0,17.0
31006.0,9.0,5.0,2.0,1.0,0.0,0.0,0.0,1.0,5.0,24.0,24.0,32.0,31.0,35.0,37.0,40.0,45.0,79.0,75.0,48.0,32.0,27.0,29.0,13.0,1.0,2.0,0.0,0.0,0.0,0.0,6.0,20.0,56.0,39.0,22.0,28.0,34.0,31.0,30.0,35.0,35.0,45.0,44.0,28.0,19.0,19.0,14.0,15.0
31007.0,1.0,4.0,1.0,0.0,0.0,0.0,21.0,86.0,129.0,119.0,53.0,43.0,37.0,32.0,27.0,38.0,132.0,242.0,142.0,49.0,25.0,23.0,5.0,6.0,13.0,8.0,14.0,2.0,0.0,3.0,26.0,165.0,266.0,134.0,33.0,26.0,39.0,46.0,47.0,49.0,95.0,150.0,228.0,115.0,85.0,66.0,37.0,22.0
31008.0,4.0,4.0,4.0,1.0,1.0,1.0,6.0,4.0,38.0,8.0,6.0,8.0,18.0,14.0,11.0,13.0,20.0,55.0,46.0,35.0,17.0,7.0,17.0,31.0,0.0,0.0,1.0,3.0,0.0,0.0,1.0,7.0,47.0,14.0,17.0,24.0,15.0,20.0,12.0,30.0,30.0,43.0,36.0,16.0,19.0,11.0,21.0,20.0
31009.0,2.0,0.0,0.0,0.0,0.0,9.0,25.0,83.0,175.0,69.0,33.0,17.0,23.0,38.0,13.0,14.0,16.0,38.0,51.0,33.0,22.0,23.0,11.0,10.0,4.0,1.0,0.0,0.0,0.0,0.0,2.0,14.0,72.0,31.0,19.0,33.0,29.0,16.0,21.0,17.0,108.0,158.0,93.0,31.0,22.0,3.0,4.0,1.0
31010.0,8.0,8.0,9.0,2.0,0.0,0.0,0.0,3.0,7.0,6.0,14.0,18.0,23.0,37.0,29.0,43.0,119.0,82.0,69.0,53.0,39.0,22.0,20.0,5.0,0.0,2.0,2.0,0.0,0.0,0.0,6.0,17.0,46.0,26.0,11.0,15.0,27.0,36.0,32.0,24.0,58.0,61.0,36.0,24.0,17.0,5.0,3.0,5.0
31011.0,1.0,1.0,2.0,0.0,0.0,2.0,10.0,72.0,135.0,61.0,19.0,27.0,38.0,40.0,50.0,32.0,50.0,48.0,64.0,37.0,41.0,21.0,14.0,2.0,3.0,0.0,1.0,0.0,0.0,0.0,1.0,7.0,21.0,61.0,20.0,31.0,37.0,32.0,43.0,28.0,60.0,135.0,69.0,35.0,20.0,22.0,10.0,7.0
31012.0,2.0,0.0,0.0,0.0,0.0,2.0,3.0,20.0,64.0,21.0,5.0,9.0,8.0,5.0,5.0,13.0,12.0,9.0,13.0,8.0,6.0,4.0,11.0,5.0,0.0,0.0,1.0,0.0,0.0,1.0,3.0,8.0,12.0,15.0,16.0,15.0,12.0,16.0,8.0,10.0,21.0,44.0,18.0,5.0,4.0,0.0,0.0,0.0
31100.0,1.0,1.0,6.0,0.0,2.0,1.0,4.0,170.0,551.0,191.0,104.0,77.0,112.0,125.0,103.0,81.0,92.0,128.0,89.0,55.0,28.0,14.0,5.0,3.0,14.0,2.0,2.0,0.0,0.0,1.0,39.0,16.0,70.0,58.0,49.0,84.0,107.0,137.0,111.0,133.0,138.0,474.0,264.0,148.0,112.0,69.0,30.0,25.0
31101.0,49.0,37.0,22.0,14.0,9.0,9.0,67.0,108.0,138.0,159.0,166.0,225.0,274.0,244.0,241.0,211.0,283.0,539.0,686.0,566.0,393.0,248.0,177.0,102.0,89.0,73.0,79.0,37.0,9.0,9.0,29.0,196.0,596.0,272.0,151.0,180.0,262.0,256.0,243.0,209.0,233.0,227.0,287.0,348.0,248.0,218.0,166.0,122.0
31102.0,93.0,46.0,35.0,21.0,2.0,0.0,4.0,28.0,42.0,46.0,42.0,75.0,100.0,84.0,87.0,54.0,94.0,182.0,265.0,311.0,172.0,147.0,143.0,96.0,74.0,58.0,44.0,8.0,3.0,6.0,66.0,189.0,561.0,231.0,146.0,171.0,183.0,161.0,124.0,110.0,116.0,131.0,189.0,185.0,150.0,116.0,139.0,84.0
31103.0,60.0,23.0,17.0,9.0,2.0,1.0,7.0,59.0,84.0,93.0,63.0,96.0,78.0,71.0,79.0,99.0,114.0,232.0,208.0,185.0,137.0,106.0,94.0,59.0,64.0,33.0,34.0,14.0,5.0,23.0,73.0,208.0,672.0,339.0,192.0,196.0,226.0,165.0,150.0,204.0,185.0,213.0,273.0,228.0,153.0,154.0,127.0,74.0
31104.0,65.0,36.0,22.0,15.0,3.0,8.0,31.0,49.0,76.0,121.0,110.0,148.0,204.0,163.0,203.0,209.0,240.0,445.0,531.0,406.0,283.0,203.0,159.0,92.0,87.0,80.0,43.0,21.0,9.0,63.0,122.0,215.0,404.0,303.0,235.0,227.0,269.0,220.0,222.0,254.0,237.0,309.0,336.0,331.0,271.0,233.0,203.0,131.0
31105.0,40.0,20.0,22.0,12.0,1.0,18.0,11.0,32.0,152.0,58.0,56.0,90.0,102.0,107.0,124.0,167.0,146.0,267.0,340.0,243.0,158.0,134.0,105.0,68.0,51.0,29.0,24.0,13.0,4.0,18.0,82.0,194.0,516.0,168.0,133.0,201.0,210.0,188.0,159.0,190.0,185.0,226.0,264.0,289.0,204.0,185.0,114.0,67.0
31106.0,9.0,11.0,2.0,3.0,3.0,1.0,4.0,6.0,17.0,14.0,14.0,18.0,16.0,19.0,22.0,32.0,35.0,43.0,64.0,66.0,45.0,44.0,24.0,27.0,8.0,6.0,2.0,1.0,0.0,0.0,9.0,23.0,90.0,69.0,41.0,82.0,31.0,52.0,39.0,41.0,47.0,72.0,77.0,58.0,38.0,41.0,20.0,15.0
31107.0,78.0,41.0,29.0,14.0,7.0,2.0,9.0,41.0,42.0,41.0,47.0,81.0,55.0,85.0,94.0,107.0,167.0,274.0,314.0,260.0,239.0,188.0,152.0,107.0,39.0,28.0,10.0,7.0,2.0,8.0,49.0,215.0,549.0,207.0,159.0,205.0,155.0,154.0,150.0,155.0,115.0,150.0,261.0,253.0,197.0,174.0,126.0,79.0
31108.0,57.0,45.0,18.0,8.0,4.0,3.0,21.0,53.0,133.0,74.0,83.0,86.0,135.0,183.0,166.0,184.0,212.0,426.0,365.0,258.0,154.0,119.0,84.0,50.0,7.0,0.0,2.0,1.0,1.0,6.0,43.0,150.0,386.0,227.0,122.0,153.0,171.0,164.0,165.0,154.0,209.0,254.0,139.0,103.0,46.0,31.0,39.0,11.0
31201.0,66.0,39.0,28.0,6.0,5.0,121.0,137.0,123.0,419.0,363.0,349.0,380.0,453.0,490.0,469.0,492.0,609.0,1062.0,937.0,712.0,543.0,289.0,189.0,114.0,38.0,25.0,14.0,7.0,1.0,11.0,62.0,331.0,675.0,330.0,305.0,301.0,413.0,465.0,432.0,439.0,406.0,611.0,659.0,649.0,574.0,341.0,223.0,71.0
31202.0,47.0,38.0,12.0,14.0,4.0,27.0,76.0,83.0,133.0,198.0,192.0,224.0,223.0,264.0,246.0,283.0,326.0,609.0,507.0,402.0,313.0,232.0,152.0,104.0,87.0,70.0,49.0,18.0,7.0,5.0,97.0,278.0,402.0,204.0,153.0,188.0,243.0,241.0,246.0,205.0,249.0,286.0,276.0,316.0,217.0,180.0,163.0,117.0
31203.0,50.0,35.0,22.0,18.0,5.0,13.0,39.0,69.0,161.0,82.0,112.0,172.0,189.0,194.0,216.0,189.0,292.0,517.0,697.0,455.0,285.0,213.0,144.0,88.0,55.0,37.0,35.0,17.0,12.0,19.0,82.0,220.0,479.0,195.0,151.0,160.0,199.0,239.0,195.0,184.0,213.0,299.0,356.0,251.0,238.0,170.0,155.0,111.0
31204.0,22.0,14.0,9.0,4.0,3.0,2.0,38.0,141.0,359.0,136.0,57.0,79.0,136.0,144.0,121.0,111.0,160.0,132.0,154.0,94.0,51.0,59.0,46.0,47.0,9.0,4.0,6.0,6.0,1.0,0.0,7.0,41.0,125.0,54.0,77.0,102.0,125.0,106.0,118.0,160.0,238.0,424.0,249.0,125.0,79.0,43.0,20.0,25.0
31205.0,20.0,15.0,2.0,6.0,0.0,5.0,24.0,99.0,376.0,420.0,169.0,200.0,182.0,161.0,193.0,167.0,159.0,223.0,187.0,107.0,81.0,41.0,37.0,14.0,19.0,4.0,4.0,1.0,1.0,1.0,24.0,19.0,75.0,36.0,24.0,67.0,100.0,132.0,103.0,152.0,167.0,407.0,349.0,271.0,199.0,144.0,56.0,56.0
31400.0,37.0,28.0,15.0,8.0,1.0,1.0,5.0,23.0,63.0,49.0,35.0,41.0,61.0,62.0,67.0,68.0,71.0,119.0,192.0,159.0,137.0,117.0,58.0,49.0,20.0,14.0,5.0,4.0,4.0,8.0,60.0,134.0,303.0,145.0,100.0,107.0,116.0,101.0,104.0,67.0,110.0,101.0,153.0,127.0,92.0,81.0,69.0,41.0
31401.0,28.0,17.0,9.0,6.0,1.0,9.0,7.0,8.0,8.0,11.0,16.0,35.0,42.0,33.0,27.0,39.0,61.0,68.0,104.0,108.0,73.0,88.0,78.0,79.0,28.0,16.0,8.0,1.0,7.0,28.0,30.0,81.0,226.0,94.0,47.0,64.0,60.0,53.0,69.0,40.0,54.0,68.0,83.0,80.0,49.0,42.0,39.0,31.0
31502.0,0.0,0.0,0.0,2.0,0.0,0.0,1.0,10.0,3.0,18.0,12.0,8.0,8.0,13.0,9.0,12.0,53.0,34.0,37.0,15.0,13.0,6.0,6.0,0.0,0.0,0.0,1.0,0.0,0.0,1.0,5.0,83.0,26.0,30.0,19.0,11.0,16.0,10.0,13.0,16.0,18.0,16.0,24.0,13.0,6.0,10.0,3.0,2.0
31600.0,40.0,26.0,23.0,15.0,2.0,21.0,11.0,47.0,135.0,86.0,96.0,114.0,239.0,271.0,201.0,234.0,274.0,546.0,533.0,405.0,273.0,187.0,143.0,82.0,19.0,15.0,6.0,25.0,15.0,2.0,140.0,225.0,459.0,185.0,88.0,138.0,195.0,231.0,236.0,178.0,180.0,321.0,380.0,263.0,175.0,139.0,75.0,32.0
31601.0,6.0,2.0,2.0,5.0,2.0,2.0,7.0,33.0,83.0,51.0,70.0,60.0,60.0,67.0,53.0,57.0,54.0,64.0,98.0,76.0,42.0,43.0,15.0,5.0,11.0,4.0,2.0,0.0,0.0,4.0,13.0,18.0,31.0,52.0,91.0,61.0,52.0,51.0,36.0,43.0,37.0,63.0,87.0,77.0,44.0,46.0,18.0,21.0
31602.0,53.0,31.0,25.0,14.0,12.0,6.0,37.0,41.0,141.0,79.0,99.0,149.0,141.0,142.0,150.0,169.0,175.0,332.0,368.0,306.0,231.0,185.0,161.0,89.0,79.0,32.0,24.0,15.0,12.0,22.0,67.0,166.0,505.0,189.0,161.0,196.0,198.0,221.0,177.0,211.0,171.0,269.0,356.0,368.0,254.0,213.0,183.0,93.0
31700.0,0.0,0.0,0.0,0.0,0.0,0.0,0.0,0.0,1.0,1.0,0.0,0.0,0.0,0.0,0.0,1.0,9.0,27.0,1.0,0.0,0.0,1.0,0.0,2.0,0.0,0.0,0.0,0.0,0.0,0.0,0.0,29.0,29.0,1.0,0.0,1.0,3.0,5.0,3.0,0.0,0.0,0.0,1.0,0.0,2.0,3.0,0.0,0.0
31305.0,5.0,7.0,4.0,1.0,1.0,0.0,24.0,42.0,41.0,62.0,42.0,46.0,47.0,63.0,73.0,69.0,57.0,86.0,105.0,105.0,62.0,29.0,23.0,9.0,14.0,12.0,6.0,2.0,0.0,1.0,11.0,27.0,47.0,70.0,64.0,52.0,50.0,77.0,62.0,69.0,63.0,68.0,85.0,69.0,53.0,40.0,37.0,20.0
31702.0,0.0,0.0,0.0,0.0,0.0,0.0,0.0,0.0,0.0,0.0,0.0,1.0,1.0,1.0,0.0,0.0,1.0,0.0,0.0,0.0,0.0,0.0,0.0,0.0,0.0,0.0,0.0,0.0,0.0,0.0,0.0,0.0,0.0,0.0,0.0,0.0,0.0,1.0,0.0,0.0,0.0,0.0,0.0,0.0,0.0,0.0,0.0,0.0
31703.0,0.0,0.0,0.0,0.0,1.0,0.0,2.0,0.0,1.0,1.0,4.0,5.0,3.0,1.0,1.0,2.0,2.0,2.0,5.0,2.0,0.0,0.0,2.0,0.0,1.0,2.0,1.0,0.0,0.0,0.0,0.0,3.0,0.0,3.0,2.0,0.0,1.0,2.0,3.0,1.0,1.0,3.0,2.0,0.0,3.0,0.0,5.0,5.0
31704.0,0.0,0.0,0.0,0.0,0.0,0.0,0.0,0.0,2.0,0.0,1.0,0.0,0.0,1.0,0.0,0.0,0.0,0.0,0.0,0.0,0.0,0.0,0.0,0.0,0.0,0.0,0.0,0.0,0.0,0.0,0.0,1.0,0.0,1.0,0.0,0.0,0.0,0.0,1.0,0.0,0.0,0.0,0.0,1.0,0.0,0.0,0.0,0.0
31801.0,0.0,0.0,0.0,0.0,0.0,1.0,0.0,8.0,26.0,9.0,1.0,3.0,2.0,11.0,10.0,22.0,22.0,10.0,20.0,7.0,6.0,3.0,1.0,0.0,0.0,0.0,0.0,0.0,0.0,0.0,1.0,39.0,13.0,19.0,20.0,8.0,8.0,8.0,9.0,11.0,27.0,16.0,8.0,0.0,2.0,2.0,1.0,0.0
31802.0,0.0,0.0,0.0,1.0,0.0,0.0,0.0,1.0,6.0,20.0,29.0,27.0,14.0,9.0,10.0,7.0,9.0,6.0,7.0,2.0,2.0,5.0,2.0,1.0,0.0,0.0,0.0,0.0,0.0,0.0,0.0,3.0,1.0,2.0,2.0,2.0,5.0,9.0,8.0,16.0,20.0,35.0,22.0,6.0,1.0,3.0,1.0,0.0
31206.0,3.0,1.0,0.0,0.0,0.0,15.0,53.0,158.0,304.0,134.0,33.0,33.0,61.0,62.0,58.0,26.0,47.0,53.0,34.0,19.0,16.0,3.0,0.0,6.0,1.0,0.0,1.0,0.0,0.0,0.0,2.0,2.0,23.0,24.0,13.0,67.0,58.0,39.0,44.0,81.0,218.0,222.0,110.0,72.0,29.0,12.0,11.0,6.0
31500.0,6.0,3.0,4.0,2.0,1.0,0.0,1.0,2.0,17.0,17.0,14.0,14.0,27.0,15.0,28.0,24.0,32.0,66.0,64.0,54.0,12.0,19.0,12.0,7.0,0.0,0.0,0.0,1.0,1.0,1.0,2.0,36.0,87.0,73.0,13.0,21.0,33.0,37.0,33.0,27.0,21.0,15.0,17.0,14.0,6.0,4.0,5.0,6.0
31111.0,70.0,41.0,18.0,10.0,2.0,4.0,20.0,38.0,47.0,101.0,92.0,82.0,130.0,126.0,145.0,158.0,178.0,299.0,360.0,369.0,229.0,205.0,150.0,108.0,138.0,121.0,76.0,38.0,3.0,5.0,13.0,100.0,234.0,140.0,91.0,154.0,148.0,111.0,146.0,136.0,189.0,171.0,194.0,185.0,149.0,144.0,142.0,153.0
31207.0,17.0,6.0,2.0,1.0,3.0,1.0,5.0,4.0,16.0,21.0,17.0,19.0,21.0,22.0,23.0,26.0,38.0,53.0,50.0,35.0,29.0,41.0,32.0,17.0,7.0,1.0,3.0,0.0,1.0,16.0,45.0,65.0,105.0,49.0,45.0,21.0,37.0,60.0,31.0,49.0,45.0,58.0,45.0,48.0,32.0,14.0,15.0,9.0
31209.0,5.0,1.0,0.0,0.0,0.0,1.0,1.0,4.0,7.0,12.0,16.0,12.0,20.0,22.0,29.0,17.0,26.0,34.0,19.0,9.0,3.0,11.0,9.0,16.0,1.0,1.0,0.0,0.0,0.0,7.0,10.0,4.0,8.0,5.0,13.0,13.0,24.0,15.0,30.0,20.0,26.0,30.0,14.0,8.0,3.0,7.0,3.0,1.0
31110.0,49.0,32.0,18.0,5.0,2.0,3.0,93.0,153.0,392.0,328.0,186.0,206.0,184.0,244.0,263.0,240.0,303.0,460.0,489.0,382.0,256.0,183.0,132.0,62.0,35.0,24.0,21.0,6.0,17.0,27.0,57.0,169.0,475.0,410.0,233.0,201.0,242.0,220.0,224.0,245.0,258.0,436.0,409.0,286.0,287.0,187.0,139.0,82.0
31109.0,56.0,35.0,34.0,13.0,4.0,4.0,28.0,133.0,192.0,80.0,89.0,94.0,141.0,118.0,125.0,123.0,162.0,323.0,422.0,413.0,256.0,199.0,160.0,96.0,77.0,69.0,58.0,23.0,17.0,8.0,58.0,77.0,423.0,195.0,118.0,161.0,138.0,143.0,132.0,117.0,147.0,165.0,205.0,182.0,183.0,156.0,149.0,132.0
31013.0,12.0,4.0,4.0,3.0,0.0,0.0,1.0,3.0,2.0,3.0,0.0,15.0,19.0,24.0,11.0,16.0,31.0,48.0,46.0,25.0,31.0,18.0,16.0,13.0,10.0,10.0,11.0,2.0,0.0,0.0,1.0,18.0,6.0,21.0,7.0,9.0,18.0,14.0,26.0,20.0,19.0,15.0,16.0,22.0,18.0,17.0,18.0,13.0
31208.0,5.0,0.0,0.0,1.0,1.0,1.0,215.0,181.0,196.0,75.0,45.0,35.0,67.0,82.0,68.0,66.0,63.0,74.0,89.0,54.0,41.0,20.0,25.0,6.0,3.0,2.0,2.0,1.0,0.0,0.0,1.0,29.0,20.0,24.0,21.0,32.0,44.0,62.0,46.0,208.0,208.0,213.0,126.0,62.0,42.0,24.0,19.0,10.0
31200.0,64.0,52.0,28.0,10.0,3.0,28.0,151.0,453.0,1159.0,825.0,640.0,607.0,695.0,654.0,519.0,564.0,640.0,1074.0,980.0,702.0,478.0,321.0,204.0,123.0,102.0,71.0,34.0,24.0,10.0,19.0,51.0,178.0,543.0,517.0,354.0,393.0,541.0,474.0,479.0,456.0,594.0,926.0,925.0,672.0,519.0,401.0,284.0,159.0
31603.0,51.0,17.0,20.0,9.0,1.0,4.0,46.0,164.0,278.0,94.0,81.0,128.0,146.0,170.0,188.0,166.0,195.0,256.0,257.0,193.0,181.0,142.0,95.0,55.0,24.0,14.0,16.0,3.0,3.0,19.0,59.0,74.0,140.0,122.0,111.0,154.0,198.0,211.0,142.0,190.0,263.0,386.0,281.0,172.0,103.0,73.0,52.0,50.0
31212.0,35.0,38.0,15.0,6.0,3.0,6.0,95.0,213.0,659.0,385.0,198.0,177.0,240.0,246.0,252.0,192.0,247.0,321.0,368.0,233.0,149.0,119.0,110.0,62.0,25.0,27.0,3.0,3.0,0.0,13.0,36.0,114.0,259.0,300.0,156.0,236.0,204.0,214.0,207.0,199.0,232.0,457.0,482.0,321.0,170.0,147.0,61.0,60.0
31213.0,11.0,4.0,3.0,1.0,3.0,43.0,136.0,430.0,883.0,378.0,206.0,199.0,222.0,216.0,208.0,172.0,264.0,448.0,427.0,214.0,115.0,56.0,32.0,31.0,12.0,10.0,4.0,5.0,3.0,15.0,27.0,191.0,397.0,233.0,158.0,176.0,196.0,171.0,164.0,168.0,258.0,732.0,492.0,335.0,154.0,95.0,47.0,24.0
31604.0,34.0,32.0,16.0,9.0,3.0,16.0,26.0,117.0,143.0,133.0,66.0,77.0,123.0,132.0,122.0,138.0,165.0,248.0,199.0,179.0,183.0,106.0,82.0,64.0,23.0,28.0,16.0,9.0,26.0,25.0,56.0,106.0,263.0,181.0,119.0,131.0,140.0,113.0,120.0,99.0,147.0,233.0,227.0,153.0,98.0,66.0,49.0,28.0
31605.0,13.0,6.0,5.0,6.0,0.0,3.0,54.0,75.0,257.0,124.0,92.0,114.0,97.0,114.0,109.0,180.0,156.0,237.0,208.0,132.0,86.0,64.0,43.0,14.0,8.0,4.0,2.0,0.0,1.0,0.0,52.0,48.0,250.0,109.0,105.0,112.0,101.0,133.0,92.0,127.0,104.0,211.0,249.0,294.0,117.0,78.0,54.0,45.0
31606.0,24.0,9.0,4.0,4.0,0.0,0.0,9.0,31.0,62.0,45.0,41.0,66.0,60.0,90.0,74.0,113.0,112.0,195.0,192.0,144.0,124.0,53.0,53.0,49.0,33.0,18.0,2.0,2.0,1.0,3.0,30.0,65.0,170.0,72.0,80.0,73.0,74.0,115.0,98.0,102.0,121.0,94.0,120.0,116.0,60.0,54.0,44.0,30.0
31607.0,12.0,10.0,5.0,4.0,0.0,0.0,8.0,31.0,42.0,40.0,52.0,70.0,78.0,98.0,111.0,106.0,129.0,193.0,188.0,150.0,108.0,65.0,52.0,24.0,9.0,10.0,1.0,2.0,0.0,12.0,5.0,73.0,175.0,92.0,55.0,93.0,86.0,110.0,88.0,100.0,113.0,146.0,167.0,116.0,64.0,47.0,37.0,15.0
31214.0,113.0,61.0,56.0,23.0,8.0,15.0,24.0,138.0,289.0,237.0,171.0,233.0,298.0,298.0,319.0,396.0,443.0,730.0,673.0,542.0,371.0,296.0,236.0,177.0,72.0,61.0,36.0,18.0,10.0,83.0,303.0,456.0,543.0,387.0,253.0,262.0,315.0,314.0,339.0,381.0,280.0,435.0,436.0,383.0,280.0,234.0,167.0,84.0
31300.0,16.0,5.0,4.0,1.0,2.0,11.0,13.0,55.0,115.0,73.0,31.0,41.0,28.0,34.0,38.0,39.0,49.0,84.0,60.0,44.0,40.0,24.0,24.0,11.0,9.0,2.0,3.0,0.0,2.0,15.0,7.0,19.0,41.0,40.0,50.0,69.0,39.0,48.0,62.0,47.0,54.0,123.0,107.0,62.0,52.0,32.0,31.0,10.0
31503.0,55.0,30.0,38.0,27.0,6.0,3.0,9.0,41.0,73.0,58.0,40.0,56.0,86.0,123.0,119.0,117.0,148.0,293.0,294.0,217.0,205.0,130.0,125.0,75.0,23.0,17.0,15.0,14.0,16.0,29.0,92.0,208.0,375.0,183.0,152.0,173.0,127.0,137.0,153.0,142.0,122.0,164.0,180.0,131.0,71.0,59.0,32.0,29.0
31608.0,17.0,7.0,3.0,3.0,2.0,6.0,24.0,64.0,59.0,37.0,38.0,47.0,46.0,59.0,40.0,42.0,37.0,105.0,103.0,69.0,34.0,26.0,17.0,12.0,11.0,3.0,2.0,5.0,0.0,20.0,29.0,35.0,33.0,35.0,29.0,44.0,39.0,48.0,41.0,65.0,65.0,73.0,74.0,65.0,39.0,27.0,34.0,20.0
31301.0,4.0,2.0,0.0,0.0,0.0,34.0,10.0,14.0,27.0,24.0,20.0,58.0,19.0,20.0,53.0,33.0,41.0,56.0,14.0,12.0,15.0,4.0,2.0,2.0,10.0,9.0,3.0,0.0,1.0,0.0,5.0,28.0,41.0,26.0,18.0,19.0,30.0,32.0,50.0,35.0,55.0,111.0,59.0,43.0,62.0,32.0,47.0,17.0
31302.0,12.0,5.0,6.0,3.0,2.0,0.0,0.0,2.0,5.0,9.0,2.0,21.0,18.0,13.0,8.0,27.0,24.0,30.0,89.0,46.0,27.0,35.0,30.0,19.0,2.0,4.0,0.0,0.0,0.0,5.0,14.0,35.0,122.0,75.0,34.0,51.0,33.0,44.0,68.0,27.0,53.0,32.0,67.0,46.0,9.0,9.0,10.0,3.0
31402.0,10.0,6.0,1.0,3.0,0.0,2.0,2.0,11.0,5.0,3.0,4.0,12.0,6.0,5.0,7.0,13.0,20.0,27.0,40.0,40.0,25.0,22.0,18.0,18.0,3.0,2.0,1.0,0.0,0.0,6.0,1.0,37.0,111.0,24.0,9.0,24.0,12.0,19.0,11.0,21.0,9.0,15.0,14.0,13.0,15.0,14.0,2.0,3.0
31804.0,0.0,0.0,0.0,0.0,0.0,0.0,0.0,1.0,2.0,1.0,0.0,2.0,2.0,19.0,10.0,4.0,12.0,7.0,2.0,0.0,1.0,0.0,0.0,0.0,0.0,0.0,0.0,0.0,0.0,1.0,2.0,1.0,1.0,2.0,0.0,3.0,23.0,2.0,2.0,3.0,2.0,0.0,0.0,0.0,0.0,0.0,0.0,0.0
31805.0,0.0,0.0,0.0,0.0,0.0,0.0,0.0,2.0,1.0,13.0,5.0,2.0,2.0,5.0,2.0,2.0,2.0,13.0,4.0,2.0,6.0,4.0,0.0,2.0,0.0,0.0,0.0,0.0,0.0,0.0,0.0,4.0,9.0,2.0,0.0,0.0,4.0,5.0,4.0,4.0,4.0,4.0,0.0,1.0,1.0,2.0,1.0,1.0
31610.0,15.0,11.0,4.0,5.0,0.0,0.0,53.0,55.0,165.0,139.0,101.0,172.0,201.0,173.0,191.0,201.0,204.0,182.0,198.0,163.0,103.0,60.0,47.0,32.0,37.0,15.0,10.0,5.0,0.0,4.0,53.0,57.0,155.0,155.0,81.0,124.0,203.0,223.0,207.0,245.0,219.0,202.0,205.0,139.0,126.0,91.0,49.0,39.0
31216.0,6.0,2.0,1.0,1.0,0.0,4.0,23.0,113.0,418.0,287.0,104.0,86.0,121.0,126.0,100.0,97.0,116.0,111.0,132.0,61.0,42.0,23.0,16.0,11.0,13.0,6.0,1.0,3.0,0.0,3.0,3.0,16.0,43.0,48.0,58.0,72.0,116.0,106.0,84.0,93.0,84.0,310.0,364.0,166.0,120.0,57.0,35.0,20.0
31705.0,0.0,0.0,0.0,0.0,0.0,0.0,0.0,0.0,0.0,2.0,0.0,4.0,2.0,5.0,12.0,0.0,3.0,2.0,2.0,3.0,2.0,2.0,1.0,0.0,0.0,0.0,0.0,0.0,0.0,0.0,0.0,0.0,1.0,0.0,2.0,4.0,1.0,1.0,0.0,2.0,2.0,1.0,1.0,4.0,2.0,0.0,1.0,0.0
31217.0,3.0,2.0,0.0,0.0,0.0,6.0,162.0,143.0,203.0,158.0,80.0,54.0,76.0,94.0,100.0,106.0,94.0,73.0,64.0,29.0,19.0,11.0,8.0,5.0,10.0,9.0,1.0,0.0,0.0,8.0,44.0,3.0,24.0,15.0,32.0,61.0,62.0,75.0,76.0,162.0,277.0,439.0,164.0,53.0,16.0,13.0,7.0,10.0
31215.0,3.0,0.0,0.0,0.0,0.0,3.0,15.0,126.0,313.0,240.0,89.0,113.0,142.0,163.0,178.0,190.0,193.0,201.0,193.0,110.0,44.0,20.0,9.0,7.0,8.0,6.0,0.0,3.0,0.0,0.0,1.0,5.0,31.0,25.0,40.0,52.0,86.0,69.0,131.0,118.0,162.0,257.0,186.0,100.0,52.0,26.0,17.0,11.0
31501.0,7.0,0.0,1.0,0.0,0.0,1.0,0.0,1.0,2.0,6.0,5.0,8.0,13.0,6.0,9.0,14.0,11.0,33.0,23.0,12.0,17.0,9.0,4.0,2.0,3.0,0.0,1.0,2.0,0.0,0.0,6.0,12.0,50.0,11.0,18.0,14.0,10.0,13.0,15.0,4.0,10.0,16.0,15.0,13.0,1.0,2.0,0.0,1.0
31220.0,0.0,0.0,1.0,1.0,1.0,22.0,118.0,421.0,522.0,217.0,71.0,59.0,62.0,105.0,69.0,66.0,74.0,60.0,22.0,7.0,5.0,4.0,8.0,1.0,2.0,0.0,1.0,0.0,0.0,0.0,1.0,10.0,60.0,29.0,32.0,69.0,92.0,88.0,100.0,140.0,345.0,359.0,189.0,107.0,48.0,27.0,25.0,12.0
31218.0,10.0,7.0,2.0,0.0,0.0,5.0,38.0,109.0,187.0,152.0,47.0,63.0,147.0,109.0,86.0,165.0,331.0,307.0,128.0,59.0,40.0,35.0,23.0,8.0,8.0,9.0,3.0,3.0,0.0,0.0,139.0,218.0,282.0,125.0,40.0,79.0,97.0,55.0,86.0,113.0,209.0,254.0,146.0,48.0,25.0,19.0,17.0,8.0
31219.0,1.0,0.0,0.0,0.0,0.0,17.0,79.0,116.0,297.0,212.0,111.0,153.0,179.0,250.0,220.0,264.0,243.0,147.0,76.0,49.0,30.0,8.0,7.0,2.0,2.0,4.0,1.0,0.0,0.0,1.0,1.0,5.0,19.0,54.0,32.0,87.0,80.0,140.0,172.0,247.0,478.0,409.0,137.0,59.0,40.0,23.0,8.0,4.0
31211.0,2.0,0.0,0.0,0.0,0.0,0.0,1.0,2.0,59.0,31.0,9.0,21.0,29.0,23.0,20.0,37.0,48.0,107.0,87.0,65.0,9.0,5.0,11.0,0.0,3.0,0.0,0.0,0.0,0.0,0.0,2.0,15.0,28.0,28.0,9.0,9.0,21.0,17.0,23.0,22.0,49.0,39.0,42.0,33.0,16.0,36.0,49.0,3.0
31613.0,22.0,5.0,8.0,2.0,3.0,13.0,118.0,388.0,515.0,247.0,236.0,286.0,300.0,289.0,261.0,256.0,275.0,491.0,439.0,378.0,190.0,127.0,65.0,28.0,79.0,44.0,18.0,9.0,3.0,17.0,25.0,135.0,207.0,178.0,147.0,218.0,253.0,268.0,334.0,394.0,422.0,637.0,614.0,405.0,311.0,240.0,171.0,112.0
31221.0,6.0,4.0,1.0,1.0,0.0,5.0,40.0,104.0,531.0,259.0,120.0,146.0,184.0,172.0,157.0,142.0,127.0,282.0,229.0,159.0,102.0,41.0,20.0,33.0,30.0,21.0,7.0,3.0,0.0,1.0,19.0,40.0,31.0,59.0,72.0,87.0,150.0,150.0,159.0,142.0,223.0,464.0,418.0,247.0,126.0,80.0,65.0,56.0
31303.0,4.0,2.0,2.0,0.0,0.0,2.0,29.0,31.0,25.0,38.0,28.0,46.0,40.0,32.0,39.0,50.0,39.0,67.0,73.0,37.0,26.0,12.0,9.0,4.0,20.0,7.0,9.0,2.0,0.0,32.0,10.0,8.0,84.0,69.0,40.0,55.0,52.0,52.0,78.0,99.0,98.0,149.0,137.0,73.0,62.0,61.0,25.0,21.0
31611.0,35.0,11.0,11.0,8.0,0.0,1.0,7.0,17.0,44.0,43.0,52.0,63.0,85.0,143.0,113.0,98.0,162.0,243.0,314.0,272.0,179.0,143.0,91.0,50.0,46.0,30.0,27.0,14.0,5.0,9.0,34.0,178.0,310.0,98.0,65.0,55.0,71.0,84.0,119.0,71.0,78.0,94.0,108.0,91.0,95.0,61.0,52.0,48.0
31620.0,7.0,3.0,5.0,4.0,0.0,7.0,153.0,116.0,257.0,230.0,84.0,85.0,167.0,170.0,124.0,119.0,124.0,192.0,253.0,137.0,60.0,34.0,15.0,16.0,21.0,6.0,2.0,0.0,2.0,0.0,7.0,34.0,109.0,80.0,91.0,88.0,127.0,130.0,108.0,131.0,223.0,369.0,182.0,101.0,108.0,107.0,55.0,30.0
31222.0,20.0,8.0,1.0,1.0,14.0,3.0,37.0,137.0,394.0,207.0,100.0,157.0,202.0,198.0,204.0,215.0,270.0,315.0,214.0,139.0,74.0,46.0,37.0,30.0,19.0,10.0,5.0,1.0,1.0,18.0,39.0,30.0,62.0,69.0,75.0,139.0,190.0,200.0,209.0,183.0,266.0,512.0,392.0,211.0,109.0,76.0,63.0,38.0
31223.0,72.0,45.0,28.0,17.0,4.0,38.0,16.0,86.0,184.0,117.0,105.0,114.0,139.0,178.0,181.0,217.0,214.0,409.0,451.0,266.0,240.0,150.0,131.0,109.0,46.0,29.0,18.0,13.0,6.0,16.0,62.0,163.0,494.0,313.0,139.0,142.0,167.0,173.0,228.0,199.0,182.0,286.0,325.0,176.0,162.0,133.0,115.0,71.0
31112.0,11.0,8.0,4.0,3.0,0.0,0.0,0.0,3.0,7.0,6.0,13.0,40.0,40.0,42.0,54.0,54.0,52.0,58.0,42.0,30.0,26.0,25.0,30.0,17.0,0.0,2.0,1.0,6.0,0.0,2.0,1.0,6.0,31.0,37.0,19.0,18.0,41.0,25.0,42.0,45.0,81.0,39.0,9.0,10.0,9.0,5.0,1.0,1.0
31224.0,6.0,1.0,0.0,1.0,12.0,30.0,74.0,176.0,281.0,224.0,105.0,113.0,134.0,149.0,114.0,100.0,90.0,145.0,137.0,81.0,73.0,47.0,13.0,3.0,5.0,3.0,3.0,0.0,1.0,25.0,20.0,76.0,75.0,57.0,46.0,50.0,107.0,123.0,111.0,97.0,151.0,263.0,291.0,205.0,117.0,76.0,44.0,48.0
31225.0,14.0,10.0,4.0,2.0,4.0,23.0,15.0,114.0,356.0,238.0,148.0,110.0,181.0,187.0,193.0,226.0,160.0,212.0,228.0,110.0,59.0,52.0,17.0,9.0,8.0,8.0,5.0,2.0,3.0,1.0,8.0,69.0,30.0,48.0,51.0,85.0,106.0,151.0,154.0,173.0,128.0,378.0,283.0,133.0,86.0,72.0,28.0,27.0
31609.0,7.0,11.0,4.0,4.0,0.0,0.0,3.0,39.0,31.0,34.0,50.0,38.0,36.0,56.0,49.0,74.0,80.0,103.0,120.0,59.0,38.0,19.0,27.0,10.0,1.0,0.0,0.0,0.0,0.0,5.0,33.0,11.0,70.0,49.0,20.0,36.0,37.0,46.0,48.0,46.0,60.0,60.0,50.0,30.0,16.0,1.0,9.0,0.0
31612.0,45.0,28.0,14.0,11.0,3.0,0.0,3.0,30.0,52.0,75.0,61.0,60.0,105.0,111.0,121.0,144.0,219.0,370.0,446.0,232.0,159.0,135.0,107.0,56.0,14.0,6.0,1.0,6.0,3.0,39.0,147.0,349.0,361.0,157.0,107.0,133.0,158.0,141.0,134.0,147.0,136.0,181.0,168.0,134.0,69.0,60.0,29.0,19.0
31226.0,6.0,6.0,1.0,1.0,0.0,25.0,20.0,60.0,32.0,51.0,30.0,36.0,33.0,56.0,59.0,57.0,58.0,66.0,68.0,39.0,23.0,14.0,8.0,13.0,8.0,4.0,1.0,3.0,1.0,4.0,11.0,40.0,77.0,77.0,64.0,58.0,66.0,60.0,57.0,61.0,95.0,124.0,63.0,42.0,34.0,44.0,19.0,7.0
31227.0,4.0,2.0,2.0,0.0,1.0,3.0,58.0,148.0,532.0,387.0,91.0,90.0,129.0,168.0,145.0,120.0,96.0,120.0,143.0,70.0,18.0,28.0,17.0,7.0,13.0,5.0,4.0,2.0,1.0,1.0,7.0,20.0,70.0,48.0,62.0,112.0,174.0,175.0,118.0,130.0,234.0,497.0,371.0,187.0,112.0,87.0,49.0,30.0
31228.0,14.0,9.0,6.0,6.0,1.0,10.0,86.0,161.0,274.0,233.0,193.0,242.0,327.0,275.0,248.0,319.0,314.0,455.0,555.0,338.0,179.0,104.0,62.0,33.0,91.0,29.0,19.0,9.0,1.0,4.0,24.0,22.0,91.0,100.0,85.0,113.0,167.0,217.0,213.0,242.0,294.0,372.0,294.0,264.0,218.0,241.0,182.0,130.0
31504.0,8.0,0.0,2.0,1.0,0.0,5.0,2.0,5.0,64.0,21.0,9.0,14.0,15.0,10.0,13.0,14.0,19.0,52.0,49.0,14.0,10.0,11.0,12.0,3.0,4.0,4.0,0.0,0.0,0.0,0.0,2.0,18.0,83.0,33.0,18.0,23.0,18.0,15.0,20.0,26.0,27.0,39.0,79.0,26.0,15.0,11.0,11.0,8.0
31505.0,33.0,19.0,11.0,11.0,1.0,1.0,5.0,12.0,58.0,26.0,23.0,20.0,57.0,48.0,54.0,37.0,73.0,127.0,196.0,110.0,84.0,67.0,77.0,39.0,7.0,6.0,2.0,2.0,0.0,22.0,18.0,49.0,227.0,111.0,85.0,77.0,60.0,67.0,61.0,72.0,118.0,70.0,84.0,58.0,43.0,26.0,14.0,7.0
31615.0,19.0,18.0,16.0,6.0,1.0,34.0,20.0,18.0,46.0,60.0,39.0,96.0,92.0,90.0,117.0,137.0,156.0,203.0,244.0,218.0,159.0,86.0,58.0,45.0,18.0,12.0,9.0,10.0,0.0,3.0,86.0,158.0,229.0,155.0,72.0,74.0,80.0,127.0,73.0,74.0,71.0,62.0,159.0,109.0,64.0,58.0,35.0,25.0
31616.0,44.0,42.0,28.0,15.0,2.0,13.0,10.0,35.0,71.0,74.0,91.0,121.0,175.0,185.0,188.0,189.0,308.0,529.0,531.0,379.0,214.0,157.0,130.0,100.0,20.0,18.0,11.0,4.0,0.0,40.0,63.0,134.0,416.0,174.0,119.0,137.0,194.0,199.0,164.0,154.0,170.0,272.0,333.0,304.0,170.0,110.0,80.0,45.0
31617.0,34.0,20.0,7.0,2.0,3.0,1.0,2.0,2.0,10.0,8.0,16.0,26.0,40.0,40.0,28.0,58.0,41.0,70.0,125.0,79.0,56.0,40.0,36.0,20.0,5.0,10.0,0.0,1.0,0.0,2.0,7.0,37.0,145.0,61.0,21.0,35.0,35.0,40.0,44.0,59.0,34.0,26.0,28.0,23.0,22.0,11.0,16.0,4.0
31618.0,36.0,19.0,21.0,9.0,1.0,1.0,4.0,25.0,167.0,133.0,80.0,117.0,125.0,129.0,146.0,122.0,175.0,248.0,281.0,208.0,145.0,120.0,79.0,58.0,24.0,4.0,6.0,5.0,2.0,2.0,30.0,185.0,249.0,193.0,143.0,143.0,164.0,147.0,145.0,136.0,175.0,198.0,244.0,170.0,107.0,55.0,52.0,31.0
31619.0,31.0,19.0,13.0,14.0,1.0,1.0,10.0,42.0,37.0,30.0,64.0,81.0,83.0,93.0,120.0,234.0,251.0,430.0,409.0,267.0,213.0,129.0,96.0,70.0,4.0,4.0,4.0,3.0,2.0,40.0,133.0,343.0,572.0,184.0,109.0,170.0,161.0,132.0,132.0,147.0,145.0,149.0,171.0,125.0,99.0,51.0,31.0,9.0
31701.0,0.0,0.0,0.0,0.0,0.0,0.0,0.0,0.0,0.0,0.0,1.0,1.0,0.0,1.0,0.0,2.0,0.0,1.0,0.0,1.0,1.0,0.0,0.0,0.0,0.0,0.0,0.0,0.0,0.0,0.0,0.0,0.0,6.0,4.0,0.0,0.0,2.0,0.0,1.0,1.0,0.0,1.0,6.0,2.0,0.0,0.0,0.0,0.0
31622.0,38.0,15.0,11.0,4.0,0.0,1.0,4.0,34.0,20.0,21.0,29.0,38.0,54.0,77.0,93.0,130.0,155.0,245.0,400.0,323.0,204.0,129.0,62.0,45.0,3.0,0.0,0.0,7.0,2.0,6.0,75.0,305.0,515.0,198.0,117.0,113.0,131.0,105.0,90.0,106.0,139.0,97.0,111.0,74.0,41.0,28.0,15.0,18.0
31229.0,104.0,70.0,26.0,15.0,11.0,21.0,40.0,80.0,133.0,139.0,183.0,218.0,268.0,318.0,284.0,312.0,451.0,925.0,827.0,498.0,394.0,283.0,257.0,144.0,53.0,34.0,23.0,10.0,13.0,35.0,251.0,619.0,601.0,312.0,308.0,251.0,340.0,369.0,307.0,297.0,260.0,394.0,480.0,356.0,267.0,162.0,130.0,101.0
31230.0,5.0,4.0,0.0,3.0,0.0,9.0,52.0,161.0,615.0,363.0,150.0,164.0,187.0,239.0,219.0,199.0,268.0,326.0,305.0,176.0,71.0,36.0,36.0,12.0,18.0,12.0,6.0,3.0,7.0,0.0,10.0,25.0,85.0,73.0,85.0,78.0,152.0,183.0,179.0,206.0,211.0,534.0,428.0,268.0,162.0,111.0,79.0,40.0
31231.0,2.0,0.0,0.0,0.0,0.0,17.0,88.0,206.0,652.0,236.0,87.0,114.0,165.0,202.0,175.0,212.0,225.0,303.0,126.0,45.0,20.0,25.0,9.0,13.0,6.0,0.0,0.0,0.0,0.0,0.0,10.0,92.0,57.0,50.0,58.0,131.0,133.0,154.0,160.0,307.0,296.0,578.0,276.0,105.0,51.0,26.0,24.0,6.0
31232.0,22.0,7.0,7.0,3.0,0.0,14.0,129.0,78.0,248.0,156.0,127.0,233.0,257.0,234.0,247.0,241.0,271.0,468.0,507.0,268.0,135.0,99.0,55.0,36.0,65.0,19.0,13.0,15.0,1.0,3.0,23.0,21.0,116.0,100.0,66.0,103.0,143.0,181.0,236.0,260.0,258.0,312.0,312.0,256.0,179.0,250.0,157.0,77.0
31233.0,11.0,5.0,1.0,0.0,1.0,20.0,73.0,186.0,636.0,339.0,116.0,104.0,148.0,130.0,143.0,152.0,188.0,300.0,218.0,120.0,64.0,47.0,33.0,38.0,27.0,12.0,9.0,4.0,1.0,2.0,24.0,44.0,113.0,98.0,53.0,76.0,113.0,144.0,157.0,152.0,213.0,664.0,534.0,175.0,111.0,64.0,58.0,37.0
31234.0,27.0,27.0,26.0,10.0,4.0,41.0,41.0,73.0,346.0,230.0,151.0,119.0,170.0,190.0,148.0,149.0,185.0,346.0,358.0,255.0,152.0,115.0,84.0,52.0,47.0,22.0,13.0,6.0,19.0,28.0,32.0,107.0,228.0,139.0,124.0,138.0,176.0,149.0,148.0,164.0,149.0,335.0,272.0,231.0,179.0,126.0,129.0,65.0
31621.0,4.0,0.0,0.0,2.0,0.0,9.0,40.0,117.0,165.0,166.0,70.0,62.0,52.0,67.0,48.0,57.0,102.0,139.0,80.0,25.0,17.0,5.0,6.0,9.0,1.0,3.0,2.0,1.0,0.0,1.0,7.0,33.0,116.0,109.0,27.0,45.0,61.0,60.0,73.0,131.0,99.0,218.0,124.0,83.0,38.0,13.0,12.0,6.0
31235.0,6.0,6.0,1.0,0.0,1.0,0.0,3.0,44.0,376.0,287.0,91.0,76.0,103.0,129.0,152.0,123.0,164.0,133.0,93.0,49.0,26.0,19.0,10.0,22.0,9.0,2.0,1.0,1.0,1.0,0.0,1.0,5.0,19.0,11.0,31.0,75.0,127.0,106.0,169.0,198.0,206.0,292.0,242.0,90.0,26.0,23.0,10.0,17.0
31236.0,5.0,6.0,6.0,3.0,2.0,8.0,18.0,82.0,248.0,219.0,146.0,119.0,117.0,96.0,150.0,128.0,123.0,129.0,134.0,58.0,34.0,18.0,14.0,5.0,12.0,16.0,7.0,2.0,1.0,0.0,3.0,30.0,27.0,24.0,46.0,105.0,120.0,114.0,149.0,209.0,285.0,366.0,232.0,131.0,124.0,114.0,47.0,27.0
31614.0,50.0,27.0,25.0,17.0,18.0,2.0,20.0,24.0,42.0,32.0,36.0,60.0,94.0,120.0,86.0,110.0,184.0,276.0,405.0,246.0,171.0,121.0,72.0,64.0,22.0,25.0,30.0,4.0,1.0,19.0,79.0,140.0,368.0,133.0,76.0,79.0,61.0,106.0,108.0,75.0,118.0,98.0,116.0,83.0,80.0,44.0,57.0,39.0
31237.0,35.0,21.0,18.0,8.0,2.0,3.0,6.0,65.0,249.0,330.0,158.0,144.0,247.0,225.0,223.0,234.0,282.0,365.0,381.0,238.0,207.0,168.0,89.0,66.0,30.0,17.0,8.0,2.0,1.0,2.0,25.0,90.0,268.0,263.0,160.0,157.0,222.0,205.0,215.0,218.0,215.0,385.0,356.0,267.0,166.0,106.0,81.0,50.0
31623.0,36.0,20.0,21.0,7.0,10.0,140.0,301.0,930.0,1626.0,731.0,370.0,372.0,356.0,438.0,410.0,572.0,853.0,1085.0,771.0,431.0,233.0,143.0,68.0,61.0,94.0,46.0,24.0,11.0,3.0,51.0,395.0,643.0,1198.0,566.0,221.0,190.0,329.0,369.0,365.0,448.0,663.0,1307.0,1344.0,796.0,410.0,321.0,278.0,191.0
31624.0,16.0,11.0,0.0,4.0,16.0,46.0,32.0,153.0,591.0,547.0,188.0,168.0,214.0,227.0,176.0,268.0,504.0,586.0,349.0,140.0,84.0,40.0,39.0,16.0,27.0,23.0,13.0,8.0,1.0,31.0,152.0,215.0,358.0,149.0,99.0,142.0,189.0,175.0,175.0,211.0,282.0,674.0,410.0,261.0,167.0,109.0,87.0,57.0
31266.0,65.0,46.0,44.0,7.0,6.0,4.0,12.0,29.0,50.0,69.0,71.0,105.0,156.0,160.0,153.0,175.0,225.0,417.0,450.0,378.0,284.0,227.0,168.0,115.0,41.0,17.0,10.0,2.0,6.0,53.0,96.0,407.0,335.0,204.0,149.0,182.0,206.0,197.0,160.0,160.0,164.0,292.0,342.0,226.0,195.0,124.0,95.0,52.0
31304.0,4.0,3.0,3.0,5.0,0.0,0.0,0.0,14.0,38.0,24.0,12.0,15.0,20.0,22.0,32.0,30.0,45.0,56.0,82.0,56.0,22.0,22.0,12.0,6.0,4.0,7.0,1.0,2.0,1.0,2.0,3.0,42.0,131.0,49.0,26.0,42.0,50.0,31.0,40.0,33.0,44.0,60.0,58.0,55.0,42.0,36.0,27.0,13.0
31238.0,2.0,0.0,2.0,0.0,0.0,0.0,21.0,117.0,359.0,399.0,126.0,121.0,186.0,199.0,139.0,165.0,196.0,226.0,197.0,128.0,46.0,29.0,18.0,11.0,15.0,9.0,10.0,2.0,1.0,1.0,27.0,55.0,70.0,45.0,42.0,86.0,132.0,148.0,130.0,182.0,166.0,347.0,331.0,227.0,164.0,101.0,64.0,52.0
31052.0,1.0,3.0,13.0,0.0,0.0,0.0,0.0,2.0,1.0,2.0,3.0,13.0,4.0,7.0,7.0,11.0,17.0,34.0,79.0,23.0,17.0,8.0,7.0,5.0,0.0,0.0,0.0,0.0,0.0,0.0,12.0,29.0,9.0,2.0,4.0,11.0,6.0,13.0,7.0,14.0,9.0,4.0,8.0,4.0,8.0,3.0,2.0,0.0
31240.0,6.0,2.0,0.0,0.0,0.0,0.0,1.0,7.0,9.0,18.0,37.0,77.0,71.0,107.0,152.0,154.0,154.0,219.0,134.0,42.0,18.0,15.0,8.0,4.0,6.0,2.0,0.0,0.0,0.0,0.0,2.0,5.0,15.0,48.0,26.0,78.0,128.0,142.0,176.0,116.0,172.0,164.0,100.0,54.0,21.0,7.0,17.0,4.0
31262.0,3.0,1.0,3.0,1.0,0.0,0.0,33.0,62.0,250.0,220.0,93.0,102.0,145.0,134.0,100.0,129.0,137.0,180.0,161.0,86.0,55.0,20.0,23.0,20.0,16.0,6.0,7.0,0.0,0.0,0.0,15.0,15.0,51.0,46.0,46.0,55.0,104.0,111.0,98.0,137.0,188.0,264.0,225.0,174.0,100.0,81.0,57.0,42.0
31260.0,29.0,10.0,8.0,2.0,1.0,3.0,13.0,57.0,247.0,180.0,54.0,37.0,48.0,64.0,57.0,50.0,56.0,82.0,72.0,88.0,43.0,57.0,62.0,31.0,4.0,1.0,0.0,0.0,0.0,0.0,2.0,30.0,116.0,89.0,77.0,68.0,80.0,101.0,62.0,107.0,93.0,339.0,138.0,83.0,39.0,33.0,19.0,7.0
31014.0,28.0,10.0,6.0,4.0,5.0,3.0,12.0,67.0,375.0,129.0,56.0,59.0,86.0,96.0,88.0,100.0,155.0,318.0,200.0,58.0,40.0,36.0,29.0,23.0,14.0,3.0,1.0,1.0,2.0,2.0,15.0,64.0,143.0,108.0,51.0,40.0,63.0,56.0,77.0,79.0,89.0,178.0,185.0,55.0,32.0,18.0,15.0,8.0
31015.0,9.0,7.0,6.0,3.0,2.0,4.0,17.0,74.0,154.0,128.0,62.0,46.0,74.0,63.0,70.0,96.0,98.0,147.0,95.0,77.0,60.0,35.0,24.0,11.0,12.0,5.0,3.0,3.0,1.0,24.0,17.0,55.0,79.0,35.0,21.0,39.0,55.0,55.0,60.0,70.0,66.0,102.0,93.0,41.0,30.0,12.0,13.0,15.0
31016.0,6.0,1.0,4.0,4.0,0.0,0.0,4.0,8.0,20.0,30.0,12.0,25.0,43.0,43.0,26.0,21.0,16.0,41.0,47.0,22.0,17.0,18.0,16.0,8.0,1.0,0.0,0.0,0.0,1.0,1.0,6.0,65.0,35.0,19.0,15.0,33.0,43.0,42.0,41.0,27.0,35.0,59.0,52.0,31.0,17.0,12.0,5.0,2.0
31017.0,9.0,6.0,1.0,1.0,0.0,0.0,10.0,150.0,165.0,140.0,50.0,36.0,62.0,51.0,31.0,43.0,49.0,53.0,57.0,51.0,31.0,12.0,11.0,12.0,24.0,18.0,4.0,2.0,1.0,0.0,3.0,26.0,42.0,51.0,22.0,54.0,65.0,61.0,52.0,58.0,76.0,221.0,280.0,113.0,67.0,65.0,45.0,46.0
31018.0,6.0,1.0,1.0,1.0,0.0,0.0,1.0,0.0,2.0,13.0,8.0,5.0,5.0,6.0,5.0,7.0,13.0,19.0,21.0,26.0,8.0,5.0,5.0,7.0,1.0,0.0,0.0,0.0,0.0,0.0,5.0,16.0,65.0,69.0,22.0,12.0,9.0,20.0,14.0,24.0,19.0,22.0,20.0,19.0,11.0,2.0,3.0,4.0
31706.0,0.0,0.0,0.0,0.0,0.0,0.0,0.0,0.0,2.0,0.0,0.0,0.0,0.0,0.0,1.0,0.0,0.0,0.0,0.0,0.0,0.0,0.0,0.0,0.0,0.0,0.0,0.0,0.0,0.0,0.0,0.0,1.0,2.0,0.0,0.0,0.0,0.0,0.0,0.0,1.0,0.0,0.0,0.0,1.0,0.0,0.0,0.0,0.0
31261.0,7.0,0.0,0.0,1.0,4.0,6.0,41.0,100.0,284.0,151.0,33.0,34.0,37.0,75.0,75.0,84.0,51.0,121.0,51.0,22.0,21.0,15.0,13.0,1.0,4.0,4.0,0.0,4.0,0.0,0.0,2.0,12.0,41.0,7.0,45.0,49.0,83.0,84.0,84.0,139.0,138.0,240.0,146.0,70.0,48.0,22.0,15.0,5.0
31019.0,1.0,1.0,0.0,0.0,0.0,1.0,1.0,2.0,6.0,7.0,20.0,23.0,39.0,30.0,23.0,25.0,35.0,51.0,45.0,30.0,22.0,21.0,3.0,11.0,3.0,4.0,2.0,0.0,0.0,1.0,0.0,9.0,7.0,14.0,9.0,14.0,25.0,26.0,41.0,40.0,33.0,40.0,40.0,42.0,23.0,33.0,19.0,12.0
31113.0,28.0,17.0,25.0,13.0,5.0,7.0,26.0,31.0,34.0,29.0,25.0,39.0,71.0,50.0,51.0,65.0,92.0,244.0,250.0,216.0,154.0,116.0,71.0,30.0,37.0,13.0,9.0,4.0,4.0,21.0,107.0,245.0,475.0,177.0,106.0,175.0,150.0,117.0,127.0,90.0,100.0,157.0,202.0,150.0,109.0,77.0,56.0,42.0
31239.0,10.0,7.0,1.0,2.0,0.0,57.0,221.0,261.0,547.0,464.0,219.0,248.0,271.0,209.0,182.0,174.0,205.0,448.0,321.0,196.0,105.0,65.0,34.0,23.0,19.0,16.0,6.0,7.0,4.0,3.0,20.0,101.0,340.0,145.0,112.0,105.0,199.0,199.0,158.0,197.0,188.0,445.0,481.0,325.0,225.0,139.0,84.0,28.0
31241.0,59.0,37.0,27.0,10.0,7.0,21.0,92.0,185.0,900.0,717.0,310.0,227.0,247.0,294.0,236.0,283.0,321.0,591.0,655.0,424.0,257.0,211.0,159.0,94.0,53.0,37.0,18.0,14.0,17.0,32.0,49.0,286.0,851.0,638.0,285.0,302.0,388.0,346.0,218.0,241.0,325.0,759.0,673.0,412.0,258.0,194.0,109.0,86.0
31020.0,3.0,4.0,3.0,0.0,0.0,3.0,2.0,17.0,82.0,22.0,14.0,12.0,29.0,63.0,17.0,42.0,26.0,37.0,49.0,47.0,21.0,18.0,6.0,12.0,8.0,4.0,5.0,0.0,0.0,0.0,3.0,10.0,12.0,42.0,21.0,30.0,74.0,30.0,31.0,35.0,41.0,84.0,63.0,43.0,27.0,23.0,15.0,5.0
31021.0,2.0,0.0,0.0,0.0,0.0,4.0,8.0,9.0,11.0,21.0,19.0,28.0,29.0,34.0,32.0,33.0,36.0,43.0,39.0,26.0,11.0,5.0,1.0,1.0,3.0,4.0,4.0,3.0,0.0,2.0,2.0,9.0,7.0,12.0,28.0,23.0,21.0,27.0,31.0,29.0,40.0,30.0,48.0,43.0,27.0,15.0,12.0,8.0
31022.0,3.0,2.0,0.0,0.0,1.0,0.0,4.0,28.0,40.0,45.0,22.0,22.0,79.0,52.0,39.0,42.0,41.0,52.0,40.0,29.0,35.0,23.0,11.0,6.0,18.0,22.0,3.0,5.0,1.0,0.0,41.0,8.0,6.0,24.0,21.0,22.0,66.0,60.0,59.0,68.0,77.0,78.0,91.0,65.0,47.0,36.0,25.0,33.0
31242.0,6.0,4.0,0.0,5.0,19.0,6.0,51.0,281.0,450.0,205.0,142.0,161.0,183.0,209.0,199.0,191.0,183.0,227.0,134.0,44.0,35.0,14.0,12.0,11.0,10.0,5.0,0.0,2.0,0.0,2.0,11.0,30.0,42.0,75.0,55.0,106.0,193.0,207.0,196.0,197.0,401.0,525.0,296.0,172.0,126.0,74.0,48.0,23.0
31243.0,8.0,4.0,2.0,0.0,0.0,13.0,37.0,37.0,285.0,226.0,143.0,136.0,185.0,212.0,199.0,296.0,255.0,250.0,122.0,49.0,23.0,20.0,6.0,13.0,7.0,5.0,2.0,0.0,0.0,0.0,44.0,33.0,94.0,71.0,27.0,73.0,144.0,142.0,179.0,240.0,300.0,388.0,212.0,67.0,49.0,34.0,11.0,2.0
31244.0,31.0,16.0,9.0,12.0,7.0,10.0,56.0,174.0,304.0,188.0,85.0,52.0,88.0,111.0,76.0,107.0,181.0,288.0,245.0,118.0,104.0,63.0,46.0,43.0,3.0,3.0,3.0,0.0,2.0,4.0,19.0,94.0,202.0,125.0,63.0,84.0,99.0,89.0,113.0,161.0,285.0,258.0,221.0,155.0,72.0,39.0,29.0,17.0
31625.0,7.0,4.0,3.0,1.0,0.0,30.0,45.0,65.0,88.0,78.0,64.0,68.0,70.0,68.0,72.0,103.0,148.0,215.0,160.0,99.0,50.0,40.0,33.0,23.0,6.0,1.0,0.0,0.0,2.0,3.0,71.0,78.0,214.0,80.0,73.0,101.0,77.0,71.0,69.0,84.0,126.0,143.0,146.0,164.0,93.0,41.0,30.0,7.0
31245.0,58.0,31.0,28.0,18.0,2.0,21.0,57.0,138.0,231.0,111.0,85.0,91.0,128.0,152.0,147.0,132.0,185.0,292.0,354.0,314.0,241.0,168.0,167.0,114.0,29.0,30.0,24.0,15.0,3.0,28.0,50.0,154.0,453.0,263.0,126.0,145.0,137.0,153.0,159.0,181.0,163.0,233.0,273.0,217.0,171.0,106.0,104.0,53.0
31404.0,13.0,10.0,3.0,3.0,0.0,0.0,0.0,7.0,18.0,22.0,23.0,22.0,29.0,45.0,29.0,30.0,39.0,91.0,111.0,89.0,77.0,44.0,28.0,14.0,7.0,6.0,2.0,0.0,1.0,2.0,9.0,42.0,236.0,73.0,46.0,50.0,64.0,47.0,53.0,43.0,35.0,61.0,54.0,36.0,30.0,27.0,11.0,7.0
31506.0,72.0,44.0,24.0,11.0,3.0,6.0,11.0,59.0,52.0,40.0,33.0,72.0,96.0,114.0,113.0,119.0,201.0,323.0,369.0,239.0,261.0,181.0,143.0,116.0,39.0,24.0,13.0,3.0,1.0,94.0,94.0,233.0,471.0,170.0,123.0,166.0,136.0,140.0,117.0,104.0,116.0,139.0,167.0,146.0,81.0,94.0,57.0,34.0
31115.0,32.0,14.0,22.0,11.0,3.0,2.0,7.0,14.0,18.0,19.0,28.0,42.0,37.0,44.0,47.0,53.0,66.0,130.0,160.0,171.0,127.0,121.0,81.0,51.0,15.0,8.0,6.0,0.0,3.0,16.0,30.0,150.0,381.0,107.0,115.0,83.0,86.0,93.0,78.0,81.0,73.0,69.0,126.0,96.0,55.0,73.0,48.0,21.0
31116.0,67.0,33.0,14.0,7.0,5.0,13.0,20.0,53.0,52.0,80.0,109.0,112.0,136.0,148.0,174.0,172.0,182.0,385.0,455.0,409.0,276.0,156.0,139.0,94.0,37.0,25.0,19.0,10.0,2.0,5.0,62.0,220.0,464.0,161.0,159.0,147.0,166.0,156.0,168.0,172.0,167.0,184.0,209.0,204.0,158.0,130.0,60.0,80.0
31707.0,0.0,0.0,1.0,1.0,0.0,3.0,2.0,5.0,4.0,2.0,2.0,4.0,2.0,1.0,14.0,1.0,2.0,2.0,0.0,5.0,2.0,0.0,1.0,0.0,0.0,0.0,0.0,1.0,1.0,48.0,2.0,0.0,3.0,2.0,3.0,6.0,6.0,6.0,4.0,2.0,2.0,5.0,4.0,1.0,8.0,5.0,1.0,0.0
31307.0,9.0,9.0,4.0,2.0,1.0,1.0,3.0,15.0,19.0,33.0,25.0,41.0,43.0,57.0,60.0,61.0,51.0,67.0,76.0,61.0,65.0,41.0,20.0,13.0,9.0,6.0,3.0,1.0,4.0,22.0,54.0,52.0,120.0,89.0,66.0,71.0,54.0,78.0,76.0,73.0,76.0,76.0,92.0,41.0,31.0,18.0,18.0,14.0
31708.0,2.0,1.0,0.0,2.0,0.0,0.0,0.0,3.0,0.0,4.0,3.0,8.0,15.0,14.0,12.0,10.0,15.0,4.0,4.0,2.0,8.0,3.0,0.0,1.0,1.0,1.0,0.0,2.0,0.0,0.0,2.0,3.0,1.0,3.0,7.0,7.0,9.0,12.0,15.0,10.0,11.0,5.0,3.0,2.0,5.0,3.0,0.0,2.0
31246.0,28.0,12.0,4.0,7.0,2.0,9.0,17.0,103.0,214.0,270.0,175.0,191.0,208.0,251.0,212.0,236.0,293.0,376.0,352.0,242.0,116.0,77.0,65.0,40.0,17.0,8.0,5.0,4.0,2.0,0.0,11.0,36.0,252.0,131.0,98.0,101.0,129.0,182.0,161.0,148.0,207.0,255.0,313.0,181.0,126.0,91.0,62.0,38.0
31626.0,27.0,12.0,5.0,6.0,0.0,10.0,1.0,6.0,9.0,15.0,25.0,48.0,56.0,55.0,74.0,74.0,117.0,283.0,259.0,192.0,108.0,74.0,92.0,52.0,4.0,5.0,0.0,0.0,0.0,13.0,61.0,142.0,267.0,153.0,83.0,90.0,85.0,85.0,86.0,73.0,72.0,81.0,118.0,66.0,37.0,28.0,23.0,5.0
31806.0,0.0,0.0,0.0,0.0,0.0,0.0,0.0,1.0,1.0,2.0,1.0,3.0,4.0,2.0,6.0,8.0,6.0,5.0,0.0,4.0,4.0,2.0,1.0,0.0,1.0,1.0,0.0,0.0,0.0,0.0,0.0,1.0,5.0,21.0,10.0,4.0,1.0,4.0,1.0,4.0,2.0,4.0,0.0,2.0,6.0,5.0,0.0,5.0
31035.0,9.0,9.0,2.0,1.0,1.0,0.0,0.0,4.0,26.0,12.0,11.0,8.0,4.0,9.0,10.0,20.0,27.0,75.0,48.0,37.0,13.0,20.0,8.0,1.0,1.0,3.0,0.0,1.0,0.0,1.0,21.0,36.0,86.0,16.0,7.0,12.0,13.0,23.0,9.0,17.0,14.0,37.0,35.0,24.0,10.0,14.0,5.0,2.0
31033.0,1.0,4.0,3.0,1.0,0.0,0.0,0.0,2.0,0.0,8.0,10.0,9.0,18.0,13.0,17.0,15.0,20.0,30.0,22.0,21.0,11.0,8.0,10.0,7.0,2.0,0.0,2.0,2.0,0.0,0.0,3.0,5.0,60.0,31.0,17.0,9.0,15.0,21.0,26.0,22.0,17.0,17.0,20.0,7.0,7.0,4.0,5.0,2.0
31029.0,7.0,3.0,1.0,0.0,0.0,0.0,1.0,2.0,1.0,3.0,7.0,5.0,16.0,8.0,13.0,19.0,21.0,64.0,107.0,67.0,25.0,21.0,17.0,5.0,0.0,0.0,0.0,0.0,0.0,0.0,5.0,54.0,101.0,59.0,28.0,15.0,17.0,21.0,20.0,8.0,11.0,16.0,15.0,10.0,9.0,10.0,2.0,2.0
31263.0,32.0,11.0,4.0,6.0,2.0,6.0,30.0,95.0,211.0,269.0,71.0,77.0,110.0,121.0,107.0,143.0,164.0,167.0,187.0,162.0,83.0,69.0,35.0,21.0,11.0,10.0,3.0,5.0,0.0,0.0,13.0,92.0,215.0,187.0,128.0,112.0,119.0,128.0,104.0,108.0,203.0,306.0,280.0,182.0,82.0,64.0,31.0,34.0
31023.0,1.0,0.0,0.0,2.0,0.0,0.0,1.0,5.0,9.0,23.0,21.0,30.0,32.0,37.0,25.0,34.0,30.0,47.0,30.0,38.0,17.0,8.0,10.0,8.0,8.0,7.0,8.0,0.0,0.0,0.0,8.0,20.0,18.0,23.0,27.0,25.0,21.0,28.0,33.0,27.0,25.0,26.0,48.0,26.0,16.0,13.0,14.0,5.0
31027.0,3.0,1.0,2.0,2.0,4.0,2.0,1.0,0.0,8.0,2.0,6.0,6.0,16.0,10.0,10.0,11.0,19.0,42.0,35.0,11.0,15.0,17.0,7.0,5.0,1.0,0.0,1.0,2.0,1.0,0.0,9.0,27.0,49.0,31.0,8.0,16.0,13.0,19.0,10.0,19.0,13.0,13.0,21.0,16.0,3.0,1.0,4.0,0.0
31628.0,42.0,30.0,7.0,7.0,3.0,1.0,12.0,86.0,155.0,102.0,55.0,67.0,75.0,95.0,78.0,103.0,154.0,283.0,267.0,189.0,117.0,105.0,78.0,70.0,10.0,5.0,2.0,1.0,0.0,12.0,24.0,131.0,219.0,107.0,96.0,110.0,99.0,79.0,80.0,118.0,204.0,182.0,146.0,115.0,65.0,56.0,29.0,31.0
31306.0,7.0,5.0,0.0,0.0,0.0,0.0,2.0,3.0,6.0,8.0,3.0,11.0,13.0,16.0,23.0,18.0,25.0,89.0,99.0,61.0,40.0,33.0,18.0,11.0,2.0,3.0,0.0,0.0,0.0,5.0,24.0,125.0,351.0,126.0,64.0,75.0,54.0,51.0,43.0,55.0,42.0,68.0,49.0,26.0,18.0,10.0,6.0,6.0
31507.0,1.0,1.0,0.0,0.0,0.0,20.0,56.0,58.0,29.0,39.0,13.0,21.0,21.0,14.0,15.0,8.0,12.0,16.0,22.0,2.0,2.0,1.0,2.0,2.0,3.0,0.0,0.0,0.0,0.0,1.0,0.0,7.0,32.0,14.0,15.0,23.0,10.0,19.0,25.0,53.0,69.0,64.0,42.0,42.0,22.0,19.0,6.0,9.0
31024.0,4.0,3.0,0.0,0.0,1.0,1.0,31.0,55.0,159.0,95.0,37.0,30.0,58.0,31.0,30.0,29.0,40.0,56.0,82.0,41.0,13.0,44.0,8.0,3.0,18.0,12.0,8.0,1.0,0.0,0.0,7.0,13.0,53.0,46.0,17.0,30.0,37.0,38.0,28.0,52.0,54.0,165.0,128.0,62.0,42.0,48.0,46.0,34.0
31025.0,2.0,2.0,1.0,0.0,0.0,0.0,0.0,4.0,6.0,10.0,16.0,21.0,17.0,24.0,19.0,37.0,24.0,22.0,48.0,15.0,13.0,8.0,15.0,6.0,1.0,0.0,0.0,0.0,2.0,0.0,0.0,7.0,25.0,13.0,9.0,15.0,32.0,40.0,33.0,31.0,31.0,27.0,19.0,14.0,11.0,5.0,5.0,0.0
31026.0,0.0,0.0,0.0,1.0,0.0,0.0,0.0,5.0,17.0,12.0,11.0,15.0,13.0,15.0,14.0,14.0,14.0,16.0,25.0,19.0,10.0,5.0,0.0,3.0,5.0,3.0,0.0,0.0,1.0,0.0,0.0,7.0,15.0,7.0,24.0,28.0,11.0,13.0,20.0,19.0,23.0,40.0,47.0,22.0,19.0,12.0,3.0,3.0
31247.0,11.0,2.0,2.0,0.0,0.0,1.0,7.0,18.0,79.0,149.0,124.0,197.0,298.0,394.0,318.0,374.0,415.0,490.0,247.0,134.0,73.0,39.0,17.0,10.0,11.0,5.0,2.0,0.0,0.0,1.0,4.0,11.0,67.0,57.0,103.0,170.0,279.0,341.0,292.0,423.0,421.0,494.0,233.0,132.0,79.0,35.0,23.0,21.0
31248.0,10.0,2.0,0.0,0.0,0.0,1.0,21.0,36.0,86.0,90.0,121.0,161.0,220.0,313.0,372.0,461.0,390.0,291.0,248.0,128.0,63.0,37.0,21.0,12.0,10.0,1.0,1.0,0.0,0.0,2.0,7.0,15.0,22.0,54.0,87.0,157.0,179.0,293.0,329.0,407.0,433.0,366.0,190.0,112.0,61.0,22.0,12.0,8.0
31036.0,0.0,5.0,0.0,1.0,2.0,0.0,0.0,2.0,3.0,4.0,2.0,10.0,13.0,20.0,21.0,21.0,47.0,74.0,55.0,34.0,6.0,3.0,9.0,5.0,0.0,0.0,0.0,0.0,0.0,1.0,13.0,62.0,58.0,17.0,8.0,16.0,16.0,22.0,25.0,15.0,21.0,15.0,4.0,13.0,2.0,2.0,3.0,0.0
31264.0,6.0,3.0,0.0,2.0,1.0,6.0,12.0,82.0,281.0,272.0,76.0,94.0,136.0,203.0,172.0,130.0,147.0,209.0,172.0,94.0,41.0,28.0,23.0,12.0,10.0,3.0,0.0,2.0,0.0,0.0,6.0,9.0,69.0,56.0,36.0,73.0,108.0,123.0,130.0,197.0,250.0,338.0,134.0,72.0,63.0,34.0,36.0,31.0
31028.0,11.0,4.0,1.0,0.0,0.0,0.0,3.0,28.0,59.0,62.0,15.0,10.0,11.0,16.0,22.0,17.0,52.0,27.0,49.0,27.0,16.0,20.0,13.0,9.0,3.0,5.0,1.0,0.0,0.0,1.0,7.0,5.0,13.0,43.0,26.0,21.0,40.0,24.0,18.0,28.0,24.0,49.0,79.0,46.0,20.0,39.0,6.0,3.0
31030.0,16.0,18.0,2.0,1.0,1.0,0.0,0.0,10.0,9.0,8.0,5.0,20.0,56.0,28.0,38.0,32.0,28.0,134.0,209.0,77.0,43.0,67.0,25.0,15.0,1.0,0.0,0.0,0.0,0.0,3.0,13.0,137.0,248.0,125.0,50.0,46.0,54.0,80.0,40.0,26.0,77.0,55.0,53.0,36.0,37.0,17.0,7.0,4.0
31031.0,5.0,1.0,2.0,1.0,0.0,0.0,1.0,5.0,8.0,7.0,6.0,13.0,17.0,11.0,19.0,14.0,35.0,43.0,53.0,27.0,12.0,13.0,10.0,8.0,3.0,0.0,0.0,1.0,1.0,0.0,1.0,15.0,67.0,65.0,29.0,19.0,34.0,26.0,14.0,16.0,25.0,43.0,36.0,11.0,8.0,6.0,5.0,1.0
31032.0,2.0,0.0,0.0,0.0,0.0,0.0,1.0,20.0,3.0,2.0,4.0,1.0,4.0,3.0,1.0,1.0,1.0,6.0,9.0,3.0,2.0,3.0,1.0,0.0,1.0,0.0,0.0,0.0,0.0,0.0,1.0,2.0,5.0,8.0,4.0,2.0,10.0,5.0,10.0,3.0,26.0,6.0,4.0,4.0,1.0,1.0,3.0,1.0
31037.0,2.0,2.0,1.0,1.0,1.0,1.0,4.0,48.0,79.0,72.0,21.0,36.0,41.0,41.0,40.0,42.0,75.0,46.0,38.0,16.0,19.0,6.0,4.0,4.0,4.0,4.0,3.0,0.0,0.0,0.0,19.0,15.0,45.0,28.0,17.0,26.0,49.0,31.0,40.0,43.0,57.0,121.0,92.0,61.0,31.0,19.0,10.0,7.0
31034.0,8.0,3.0,7.0,5.0,0.0,0.0,1.0,4.0,25.0,38.0,14.0,13.0,15.0,21.0,23.0,16.0,29.0,47.0,35.0,29.0,20.0,10.0,9.0,7.0,12.0,5.0,3.0,0.0,0.0,1.0,0.0,7.0,22.0,17.0,23.0,13.0,20.0,20.0,14.0,11.0,32.0,33.0,57.0,32.0,25.0,9.0,13.0,17.0
31249.0,11.0,4.0,2.0,2.0,1.0,2.0,7.0,44.0,19.0,48.0,58.0,108.0,149.0,187.0,252.0,242.0,305.0,315.0,202.0,128.0,78.0,56.0,15.0,5.0,10.0,2.0,3.0,4.0,1.0,1.0,8.0,39.0,59.0,52.0,48.0,85.0,161.0,164.0,275.0,233.0,293.0,285.0,205.0,130.0,72.0,64.0,15.0,10.0
31803.0,0.0,0.0,0.0,0.0,0.0,0.0,0.0,20.0,29.0,3.0,1.0,1.0,6.0,8.0,5.0,4.0,11.0,16.0,7.0,1.0,0.0,2.0,0.0,0.0,0.0,0.0,0.0,0.0,0.0,1.0,0.0,5.0,19.0,3.0,5.0,2.0,6.0,4.0,6.0,21.0,19.0,8.0,7.0,0.0,0.0,0.0,0.0,0.0
31038.0,3.0,2.0,0.0,0.0,0.0,2.0,2.0,3.0,27.0,24.0,17.0,15.0,11.0,16.0,18.0,9.0,23.0,31.0,12.0,11.0,5.0,3.0,5.0,7.0,0.0,0.0,0.0,0.0,0.0,0.0,0.0,10.0,15.0,20.0,14.0,17.0,10.0,15.0,23.0,17.0,31.0,33.0,19.0,8.0,5.0,2.0,2.0,3.0
31039.0,1.0,3.0,7.0,1.0,0.0,1.0,4.0,3.0,8.0,10.0,13.0,21.0,20.0,23.0,17.0,26.0,36.0,51.0,63.0,32.0,23.0,21.0,16.0,9.0,5.0,2.0,0.0,1.0,1.0,0.0,5.0,19.0,35.0,37.0,13.0,18.0,33.0,29.0,20.0,23.0,26.0,33.0,33.0,30.0,26.0,26.0,22.0,5.0
31040.0,1.0,1.0,0.0,0.0,0.0,0.0,0.0,1.0,45.0,30.0,32.0,14.0,33.0,26.0,12.0,10.0,8.0,56.0,52.0,14.0,3.0,2.0,3.0,0.0,0.0,0.0,0.0,0.0,0.0,0.0,0.0,4.0,8.0,4.0,7.0,14.0,42.0,15.0,13.0,18.0,22.0,39.0,39.0,12.0,13.0,23.0,6.0,3.0
31508.0,8.0,11.0,13.0,7.0,3.0,2.0,1.0,29.0,30.0,29.0,41.0,32.0,45.0,54.0,38.0,65.0,39.0,54.0,63.0,60.0,78.0,63.0,38.0,28.0,10.0,6.0,3.0,0.0,1.0,1.0,5.0,29.0,68.0,75.0,75.0,81.0,59.0,51.0,39.0,67.0,127.0,61.0,79.0,34.0,37.0,25.0,21.0,13.0
31250.0,8.0,2.0,0.0,3.0,0.0,7.0,93.0,142.0,335.0,208.0,77.0,62.0,81.0,83.0,71.0,73.0,58.0,77.0,81.0,51.0,24.0,12.0,8.0,8.0,23.0,8.0,3.0,2.0,1.0,1.0,4.0,15.0,29.0,55.0,32.0,60.0,85.0,78.0,64.0,69.0,109.0,434.0,283.0,144.0,78.0,44.0,21.0,24.0
31251.0,23.0,15.0,11.0,5.0,2.0,1.0,30.0,66.0,230.0,194.0,81.0,87.0,85.0,93.0,85.0,90.0,106.0,129.0,212.0,160.0,114.0,86.0,79.0,42.0,13.0,14.0,2.0,3.0,2.0,5.0,38.0,58.0,215.0,208.0,107.0,113.0,106.0,108.0,77.0,102.0,143.0,268.0,196.0,130.0,107.0,75.0,52.0,29.0
31252.0,6.0,2.0,1.0,4.0,0.0,1.0,47.0,91.0,444.0,279.0,91.0,84.0,114.0,111.0,110.0,88.0,96.0,144.0,85.0,58.0,27.0,27.0,13.0,15.0,4.0,11.0,1.0,0.0,1.0,1.0,4.0,32.0,63.0,67.0,46.0,77.0,101.0,96.0,95.0,95.0,131.0,405.0,360.0,169.0,82.0,51.0,16.0,25.0
31253.0,4.0,3.0,1.0,0.0,0.0,7.0,18.0,50.0,544.0,395.0,79.0,79.0,105.0,86.0,72.0,79.0,89.0,99.0,67.0,58.0,21.0,13.0,12.0,6.0,5.0,5.0,3.0,0.0,1.0,0.0,2.0,27.0,90.0,98.0,35.0,56.0,66.0,101.0,70.0,81.0,113.0,263.0,475.0,183.0,121.0,44.0,22.0,15.0
31041.0,0.0,0.0,0.0,2.0,0.0,0.0,1.0,0.0,11.0,38.0,13.0,14.0,30.0,31.0,48.0,56.0,40.0,33.0,40.0,10.0,7.0,0.0,0.0,3.0,0.0,0.0,0.0,0.0,0.0,0.0,0.0,0.0,2.0,2.0,9.0,7.0,16.0,35.0,27.0,29.0,44.0,18.0,18.0,8.0,3.0,2.0,3.0,1.0
31042.0,0.0,0.0,0.0,0.0,0.0,0.0,0.0,7.0,49.0,110.0,17.0,18.0,18.0,24.0,27.0,35.0,39.0,46.0,32.0,36.0,11.0,5.0,2.0,5.0,5.0,0.0,4.0,0.0,0.0,0.0,4.0,2.0,11.0,4.0,9.0,15.0,13.0,23.0,26.0,32.0,27.0,47.0,30.0,20.0,15.0,12.0,9.0,12.0
31043.0,1.0,1.0,0.0,0.0,0.0,0.0,5.0,70.0,14.0,40.0,13.0,12.0,23.0,27.0,26.0,34.0,26.0,37.0,36.0,12.0,5.0,6.0,0.0,3.0,0.0,0.0,0.0,0.0,0.0,0.0,1.0,9.0,6.0,4.0,6.0,15.0,24.0,32.0,23.0,35.0,27.0,25.0,37.0,27.0,14.0,5.0,0.0,3.0
31044.0,1.0,0.0,0.0,2.0,0.0,0.0,3.0,2.0,18.0,75.0,18.0,15.0,18.0,21.0,28.0,26.0,19.0,53.0,65.0,24.0,16.0,10.0,2.0,8.0,0.0,0.0,0.0,0.0,0.0,0.0,1.0,12.0,57.0,13.0,10.0,7.0,15.0,23.0,18.0,14.0,20.0,41.0,31.0,21.0,6.0,10.0,9.0,2.0
31254.0,13.0,10.0,6.0,0.0,3.0,13.0,81.0,276.0,455.0,259.0,88.0,120.0,137.0,159.0,135.0,130.0,131.0,153.0,184.0,98.0,50.0,48.0,21.0,28.0,20.0,8.0,7.0,4.0,1.0,6.0,7.0,62.0,41.0,46.0,57.0,105.0,143.0,148.0,140.0,177.0,283.0,482.0,247.0,136.0,103.0,74.0,41.0,49.0
31045.0,2.0,1.0,0.0,0.0,0.0,0.0,1.0,10.0,25.0,39.0,19.0,15.0,14.0,21.0,10.0,14.0,25.0,24.0,19.0,11.0,5.0,1.0,3.0,2.0,1.0,0.0,0.0,0.0,0.0,0.0,1.0,0.0,13.0,6.0,6.0,2.0,9.0,14.0,6.0,12.0,22.0,54.0,14.0,9.0,5.0,5.0,1.0,3.0
31046.0,0.0,0.0,0.0,0.0,0.0,0.0,0.0,0.0,1.0,1.0,6.0,4.0,4.0,5.0,3.0,7.0,12.0,17.0,10.0,9.0,3.0,0.0,0.0,2.0,1.0,1.0,0.0,0.0,0.0,0.0,0.0,2.0,40.0,19.0,13.0,5.0,6.0,6.0,3.0,3.0,4.0,14.0,10.0,2.0,1.0,2.0,0.0,0.0
31047.0,3.0,0.0,0.0,0.0,0.0,0.0,0.0,7.0,41.0,34.0,35.0,14.0,18.0,24.0,13.0,16.0,22.0,47.0,50.0,39.0,21.0,13.0,6.0,3.0,3.0,0.0,0.0,0.0,0.0,0.0,3.0,74.0,48.0,58.0,26.0,12.0,24.0,16.0,17.0,18.0,15.0,35.0,67.0,35.0,8.0,3.0,1.0,2.0
31048.0,1.0,0.0,4.0,0.0,0.0,0.0,2.0,5.0,62.0,33.0,16.0,9.0,9.0,14.0,26.0,39.0,35.0,104.0,60.0,32.0,23.0,19.0,8.0,11.0,1.0,0.0,0.0,2.0,0.0,0.0,6.0,14.0,102.0,194.0,48.0,33.0,37.0,33.0,38.0,36.0,47.0,96.0,67.0,31.0,25.0,5.0,6.0,6.0
31255.0,15.0,8.0,3.0,2.0,1.0,36.0,35.0,121.0,541.0,150.0,116.0,119.0,126.0,149.0,103.0,103.0,159.0,173.0,161.0,137.0,86.0,77.0,32.0,26.0,34.0,13.0,3.0,0.0,0.0,4.0,34.0,32.0,102.0,82.0,79.0,97.0,136.0,108.0,118.0,131.0,180.0,394.0,234.0,125.0,73.0,71.0,40.0,41.0
31256.0,5.0,3.0,3.0,2.0,1.0,9.0,38.0,87.0,341.0,177.0,100.0,108.0,164.0,165.0,121.0,153.0,141.0,171.0,199.0,156.0,66.0,56.0,44.0,11.0,26.0,6.0,2.0,2.0,0.0,4.0,2.0,8.0,24.0,31.0,46.0,65.0,111.0,76.0,115.0,125.0,148.0,232.0,245.0,143.0,104.0,96.0,58.0,78.0
31257.0,35.0,17.0,15.0,10.0,10.0,16.0,82.0,161.0,288.0,286.0,191.0,192.0,254.0,246.0,272.0,228.0,253.0,413.0,372.0,249.0,173.0,165.0,119.0,61.0,31.0,15.0,16.0,4.0,4.0,8.0,7.0,103.0,220.0,203.0,156.0,150.0,187.0,260.0,252.0,263.0,269.0,472.0,487.0,342.0,220.0,198.0,165.0,94.0
31049.0,3.0,5.0,4.0,0.0,0.0,0.0,12.0,5.0,5.0,3.0,4.0,4.0,6.0,14.0,7.0,21.0,12.0,17.0,21.0,22.0,15.0,9.0,9.0,1.0,2.0,1.0,1.0,0.0,0.0,2.0,0.0,3.0,20.0,9.0,14.0,10.0,8.0,11.0,6.0,12.0,17.0,9.0,14.0,8.0,4.0,4.0,5.0,6.0
31050.0,4.0,5.0,2.0,1.0,0.0,0.0,0.0,3.0,1.0,1.0,14.0,3.0,6.0,11.0,15.0,18.0,27.0,31.0,30.0,22.0,21.0,14.0,10.0,7.0,1.0,2.0,0.0,0.0,0.0,1.0,1.0,5.0,30.0,20.0,19.0,13.0,18.0,22.0,26.0,16.0,13.0,28.0,23.0,7.0,9.0,5.0,2.0,5.0
31051.0,9.0,5.0,2.0,0.0,0.0,0.0,0.0,2.0,3.0,3.0,5.0,7.0,6.0,12.0,21.0,43.0,39.0,33.0,38.0,27.0,23.0,12.0,21.0,15.0,0.0,0.0,0.0,0.0,0.0,2.0,7.0,44.0,41.0,48.0,28.0,15.0,14.0,20.0,14.0,22.0,9.0,23.0,12.0,13.0,1.0,4.0,1.0,2.0
31258.0,22.0,7.0,8.0,1.0,0.0,6.0,18.0,38.0,81.0,116.0,172.0,332.0,387.0,421.0,471.0,590.0,506.0,482.0,371.0,203.0,105.0,86.0,72.0,49.0,19.0,13.0,0.0,3.0,0.0,1.0,16.0,67.0,75.0,110.0,152.0,321.0,463.0,496.0,549.0,558.0,555.0,521.0,383.0,231.0,102.0,76.0,61.0,63.0
31259.0,2.0,3.0,0.0,0.0,0.0,0.0,12.0,62.0,386.0,129.0,31.0,14.0,26.0,40.0,27.0,18.0,30.0,32.0,16.0,9.0,3.0,5.0,1.0,0.0,0.0,0.0,1.0,0.0,0.0,0.0,0.0,1.0,11.0,24.0,7.0,19.0,20.0,15.0,25.0,37.0,59.0,399.0,161.0,40.0,18.0,7.0,5.0,3.0
31265.0,54.0,38.0,12.0,23.0,2.0,3.0,9.0,68.0,218.0,173.0,74.0,112.0,181.0,157.0,123.0,191.0,176.0,345.0,396.0,352.0,224.0,153.0,103.0,52.0,25.0,24.0,9.0,1.0,2.0,37.0,33.0,118.0,528.0,315.0,113.0,113.0,123.0,171.0,119.0,125.0,129.0,189.0,245.0,186.0,119.0,112.0,109.0,65.0
31308.0,4.0,0.0,0.0,0.0,1.0,1.0,1.0,4.0,22.0,39.0,8.0,10.0,19.0,16.0,16.0,26.0,24.0,61.0,38.0,20.0,29.0,25.0,6.0,9.0,3.0,1.0,2.0,0.0,0.0,7.0,19.0,15.0,48.0,35.0,27.0,20.0,37.0,23.0,33.0,37.0,55.0,77.0,55.0,36.0,20.0,15.0,5.0,3.0
31309.0,0.0,0.0,0.0,0.0,0.0,0.0,0.0,4.0,4.0,17.0,7.0,11.0,20.0,13.0,20.0,17.0,13.0,28.0,29.0,21.0,11.0,3.0,0.0,0.0,1.0,0.0,1.0,0.0,0.0,0.0,2.0,1.0,2.0,5.0,3.0,12.0,15.0,15.0,17.0,16.0,23.0,21.0,26.0,7.0,14.0,7.0,7.0,1.0
31627.0,36.0,22.0,17.0,7.0,0.0,3.0,28.0,101.0,320.0,171.0,101.0,95.0,84.0,89.0,119.0,135.0,101.0,198.0,150.0,114.0,96.0,84.0,73.0,52.0,31.0,12.0,12.0,5.0,4.0,3.0,8.0,61.0,156.0,99.0,63.0,62.0,102.0,78.0,98.0,126.0,111.0,238.0,204.0,111.0,130.0,79.0,76.0,69.0
31053.0,7.0,4.0,3.0,1.0,0.0,0.0,0.0,3.0,2.0,2.0,2.0,4.0,3.0,9.0,4.0,5.0,12.0,22.0,28.0,14.0,10.0,13.0,9.0,3.0,0.0,0.0,0.0,0.0,0.0,0.0,1.0,13.0,14.0,13.0,7.0,11.0,12.0,19.0,9.0,11.0,17.0,17.0,13.0,7.0,5.0,1.0,2.0,0.0
31054.0,0.0,0.0,0.0,0.0,0.0,0.0,0.0,0.0,0.0,1.0,0.0,1.0,1.0,5.0,4.0,1.0,6.0,2.0,8.0,2.0,1.0,2.0,0.0,0.0,0.0,0.0,0.0,0.0,0.0,0.0,0.0,18.0,1.0,2.0,0.0,0.0,5.0,5.0,5.0,1.0,2.0,3.0,1.0,1.0,2.0,0.0,0.0,0.0
31055.0,5.0,1.0,0.0,0.0,0.0,0.0,2.0,0.0,0.0,7.0,4.0,6.0,3.0,9.0,7.0,8.0,33.0,27.0,24.0,21.0,18.0,10.0,11.0,6.0,0.0,1.0,0.0,0.0,0.0,1.0,10.0,7.0,5.0,8.0,4.0,9.0,3.0,5.0,6.0,5.0,10.0,3.0,9.0,7.0,9.0,0.0,0.0,0.0
31114.0,57.0,33.0,40.0,23.0,11.0,2.0,2.0,24.0,55.0,35.0,70.0,82.0,113.0,107.0,101.0,136.0,148.0,245.0,389.0,345.0,256.0,168.0,135.0,69.0,83.0,64.0,58.0,24.0,11.0,28.0,70.0,164.0,529.0,176.0,112.0,113.0,170.0,151.0,140.0,153.0,135.0,182.0,202.0,160.0,131.0,132.0,111.0,92.0
31403.0,7.0,5.0,5.0,1.0,0.0,1.0,4.0,1.0,2.0,1.0,6.0,3.0,3.0,4.0,7.0,6.0,4.0,21.0,36.0,16.0,13.0,10.0,12.0,1.0,1.0,0.0,0.0,0.0,0.0,12.0,2.0,23.0,46.0,15.0,4.0,4.0,4.0,8.0,5.0,15.0,11.0,8.0,11.0,5.0,3.0,5.0,2.0,1.0
31405.0,2.0,2.0,1.0,1.0,0.0,0.0,0.0,0.0,3.0,7.0,1.0,4.0,14.0,17.0,3.0,6.0,11.0,16.0,20.0,30.0,19.0,27.0,5.0,6.0,3.0,1.0,0.0,0.0,0.0,0.0,5.0,19.0,83.0,15.0,7.0,17.0,16.0,26.0,11.0,11.0,13.0,10.0,10.0,6.0,6.0,1.0,2.0,4.0
31406.0,17.0,20.0,6.0,3.0,1.0,0.0,0.0,12.0,8.0,4.0,6.0,4.0,10.0,13.0,20.0,12.0,22.0,44.0,56.0,39.0,27.0,21.0,22.0,18.0,2.0,2.0,0.0,2.0,0.0,3.0,3.0,26.0,89.0,52.0,37.0,27.0,18.0,33.0,29.0,32.0,70.0,30.0,22.0,20.0,11.0,9.0,14.0,3.0
31407.0,2.0,1.0,0.0,4.0,0.0,1.0,5.0,1.0,9.0,3.0,9.0,3.0,15.0,10.0,7.0,7.0,15.0,38.0,39.0,16.0,10.0,13.0,10.0,9.0,3.0,2.0,0.0,1.0,0.0,10.0,5.0,36.0,69.0,36.0,12.0,16.0,20.0,16.0,22.0,17.0,23.0,26.0,20.0,12.0,11.0,7.0,7.0,5.0
31056.0,4.0,0.0,0.0,1.0,0.0,0.0,1.0,1.0,0.0,0.0,1.0,2.0,2.0,6.0,3.0,7.0,10.0,7.0,12.0,9.0,3.0,4.0,5.0,6.0,0.0,0.0,0.0,0.0,0.0,0.0,2.0,4.0,4.0,3.0,5.0,6.0,4.0,14.0,3.0,7.0,3.0,7.0,7.0,0.0,1.0,0.0,0.0,0.0
31057.0,0.0,0.0,0.0,0.0,0.0,0.0,0.0,2.0,1.0,29.0,6.0,3.0,3.0,8.0,6.0,10.0,17.0,12.0,10.0,6.0,4.0,0.0,2.0,1.0,0.0,0.0,0.0,0.0,0.0,1.0,1.0,3.0,3.0,2.0,6.0,2.0,6.0,4.0,5.0,11.0,30.0,14.0,25.0,27.0,1.0,3.0,1.0,0.0
31058.0,0.0,0.0,0.0,0.0,0.0,0.0,0.0,0.0,0.0,1.0,0.0,1.0,2.0,2.0,2.0,1.0,4.0,8.0,10.0,3.0,5.0,3.0,2.0,0.0,0.0,0.0,0.0,1.0,0.0,0.0,0.0,0.0,2.0,4.0,1.0,0.0,6.0,1.0,0.0,4.0,6.0,2.0,2.0,0.0,0.0,0.0,1.0,0.0
31059.0,0.0,0.0,0.0,0.0,0.0,0.0,0.0,1.0,0.0,0.0,0.0,0.0,0.0,3.0,3.0,4.0,0.0,1.0,1.0,3.0,0.0,0.0,0.0,0.0,0.0,0.0,0.0,0.0,0.0,0.0,0.0,2.0,0.0,3.0,0.0,2.0,0.0,2.0,2.0,2.0,1.0,1.0,2.0,2.0,0.0,0.0,0.0,1.0
31060.0,1.0,1.0,0.0,0.0,0.0,0.0,0.0,1.0,2.0,31.0,4.0,14.0,12.0,11.0,28.0,26.0,27.0,23.0,23.0,19.0,2.0,5.0,0.0,3.0,1.0,0.0,1.0,0.0,0.0,0.0,1.0,1.0,20.0,27.0,9.0,9.0,8.0,10.0,22.0,23.0,25.0,19.0,24.0,13.0,4.0,4.0,1.0,0.0
31061.0,0.0,0.0,0.0,0.0,0.0,0.0,0.0,0.0,0.0,2.0,0.0,0.0,0.0,3.0,2.0,1.0,5.0,4.0,7.0,2.0,1.0,0.0,3.0,1.0,0.0,0.0,0.0,0.0,0.0,0.0,0.0,3.0,1.0,3.0,0.0,0.0,2.0,2.0,5.0,2.0,1.0,3.0,3.0,0.0,0.0,0.0,0.0,0.0
32006.0,0.0,0.0,0.0,0.0,0.0,1.0,0.0,0.0,0.0,1.0,1.0,5.0,5.0,1.0,1.0,2.0,2.0,1.0,10.0,6.0,3.0,2.0,7.0,5.0,0.0,1.0,0.0,1.0,0.0,0.0,0.0,8.0,7.0,1.0,1.0,5.0,1.0,1.0,6.0,2.0,2.0,2.0,10.0,4.0,1.0,2.0,2.0,0.0
31312.0,18.0,18.0,6.0,3.0,1.0,1.0,1.0,27.0,36.0,102.0,140.0,105.0,150.0,120.0,138.0,134.0,171.0,234.0,178.0,100.0,80.0,63.0,42.0,36.0,19.0,10.0,3.0,1.0,1.0,25.0,19.0,57.0,99.0,91.0,62.0,43.0,85.0,118.0,96.0,109.0,140.0,134.0,130.0,113.0,103.0,73.0,22.0,29.0
31062.0,0.0,0.0,0.0,0.0,0.0,0.0,0.0,0.0,0.0,1.0,1.0,2.0,2.0,1.0,3.0,0.0,0.0,1.0,0.0,2.0,0.0,1.0,0.0,1.0,0.0,0.0,0.0,0.0,0.0,0.0,0.0,0.0,0.0,1.0,0.0,1.0,1.0,3.0,1.0,4.0,0.0,2.0,2.0,1.0,0.0,0.0,0.0,0.0
31310.0,13.0,7.0,8.0,3.0,1.0,1.0,0.0,8.0,6.0,6.0,9.0,11.0,23.0,20.0,23.0,38.0,31.0,82.0,82.0,32.0,36.0,32.0,22.0,14.0,6.0,5.0,0.0,2.0,1.0,1.0,4.0,59.0,103.0,84.0,58.0,43.0,44.0,35.0,37.0,34.0,30.0,77.0,29.0,39.0,18.0,15.0,10.0,4.0
31267.0,42.0,18.0,13.0,7.0,7.0,3.0,36.0,154.0,360.0,395.0,237.0,153.0,270.0,207.0,158.0,161.0,163.0,464.0,312.0,227.0,164.0,102.0,76.0,61.0,29.0,27.0,29.0,7.0,7.0,16.0,47.0,125.0,363.0,253.0,154.0,133.0,238.0,204.0,150.0,161.0,205.0,325.0,322.0,283.0,265.0,139.0,64.0,67.0
31117.0,38.0,24.0,17.0,3.0,5.0,1.0,20.0,20.0,24.0,32.0,45.0,54.0,65.0,61.0,57.0,59.0,91.0,113.0,230.0,188.0,145.0,90.0,83.0,53.0,25.0,13.0,9.0,10.0,2.0,46.0,78.0,154.0,333.0,207.0,145.0,144.0,141.0,144.0,134.0,171.0,113.0,128.0,153.0,183.0,103.0,68.0,82.0,43.0
31629.0,35.0,7.0,6.0,13.0,3.0,1.0,3.0,13.0,27.0,32.0,34.0,52.0,72.0,56.0,68.0,108.0,119.0,239.0,232.0,131.0,96.0,91.0,59.0,37.0,7.0,5.0,5.0,6.0,0.0,5.0,52.0,191.0,213.0,109.0,100.0,112.0,92.0,101.0,78.0,91.0,103.0,123.0,137.0,92.0,55.0,38.0,25.0,16.0
31509.0,40.0,36.0,27.0,14.0,7.0,1.0,4.0,12.0,29.0,23.0,24.0,34.0,56.0,48.0,77.0,72.0,97.0,156.0,264.0,195.0,141.0,136.0,113.0,89.0,6.0,10.0,9.0,3.0,3.0,6.0,95.0,162.0,306.0,120.0,94.0,89.0,128.0,88.0,75.0,75.0,69.0,83.0,109.0,99.0,60.0,49.0,33.0,14.0
31630.0,35.0,11.0,9.0,1.0,0.0,0.0,3.0,6.0,22.0,28.0,39.0,33.0,42.0,51.0,55.0,74.0,84.0,180.0,163.0,147.0,98.0,62.0,57.0,38.0,3.0,2.0,2.0,0.0,15.0,5.0,51.0,169.0,145.0,108.0,86.0,84.0,72.0,80.0,74.0,57.0,53.0,59.0,74.0,83.0,49.0,24.0,12.0,14.0
31631.0,41.0,36.0,17.0,11.0,5.0,2.0,1.0,23.0,55.0,36.0,39.0,45.0,97.0,90.0,121.0,145.0,169.0,447.0,320.0,223.0,157.0,137.0,115.0,71.0,12.0,12.0,3.0,2.0,4.0,32.0,141.0,271.0,323.0,112.0,121.0,118.0,144.0,138.0,108.0,115.0,97.0,96.0,155.0,81.0,62.0,40.0,45.0,27.0
31510.0,2.0,1.0,0.0,0.0,0.0,0.0,0.0,0.0,0.0,2.0,2.0,0.0,4.0,6.0,3.0,13.0,2.0,6.0,6.0,4.0,2.0,3.0,3.0,1.0,0.0,0.0,0.0,0.0,0.0,10.0,0.0,1.0,0.0,5.0,3.0,4.0,5.0,3.0,5.0,0.0,1.0,3.0,6.0,0.0,1.0,0.0,0.0,3.0
31632.0,23.0,16.0,15.0,5.0,0.0,0.0,1.0,11.0,9.0,5.0,15.0,23.0,30.0,30.0,47.0,51.0,87.0,116.0,185.0,123.0,78.0,37.0,41.0,19.0,4.0,3.0,5.0,0.0,2.0,46.0,28.0,91.0,171.0,54.0,31.0,49.0,45.0,37.0,49.0,57.0,30.0,44.0,43.0,35.0,27.0,13.0,16.0,9.0
31511.0,5.0,6.0,3.0,1.0,0.0,0.0,1.0,0.0,1.0,13.0,4.0,8.0,11.0,8.0,12.0,5.0,11.0,24.0,73.0,32.0,13.0,9.0,14.0,8.0,1.0,0.0,0.0,1.0,0.0,0.0,9.0,8.0,82.0,24.0,10.0,12.0,16.0,14.0,14.0,7.0,7.0,14.0,8.0,0.0,5.0,3.0,4.0,0.0
31709.0,0.0,0.0,0.0,0.0,0.0,0.0,0.0,0.0,1.0,0.0,1.0,0.0,0.0,0.0,0.0,0.0,0.0,0.0,0.0,0.0,0.0,0.0,0.0,0.0,0.0,0.0,0.0,0.0,0.0,0.0,0.0,0.0,1.0,0.0,1.0,1.0,1.0,1.0,0.0,0.0,0.0,0.0,0.0,0.0,0.0,0.0,0.0,0.0
31800.0,2.0,1.0,0.0,0.0,0.0,0.0,0.0,0.0,7.0,17.0,12.0,5.0,1.0,3.0,1.0,7.0,6.0,1.0,1.0,2.0,6.0,5.0,0.0,4.0,0.0,0.0,0.0,0.0,0.0,0.0,1.0,2.0,3.0,1.0,1.0,4.0,4.0,2.0,8.0,9.0,7.0,4.0,0.0,4.0,2.0,0.0,1.0,0.0
31807.0,0.0,0.0,1.0,0.0,0.0,0.0,0.0,0.0,0.0,0.0,1.0,2.0,1.0,2.0,0.0,3.0,4.0,0.0,1.0,1.0,0.0,0.0,2.0,0.0,0.0,0.0,0.0,0.0,0.0,0.0,0.0,0.0,1.0,1.0,1.0,0.0,3.0,0.0,0.0,1.0,3.0,2.0,1.0,0.0,0.0,0.0,0.0,0.0
31512.0,16.0,8.0,8.0,5.0,3.0,0.0,0.0,26.0,5.0,4.0,4.0,5.0,18.0,15.0,24.0,21.0,28.0,77.0,66.0,53.0,55.0,45.0,33.0,37.0,1.0,0.0,5.0,1.0,0.0,1.0,5.0,51.0,110.0,75.0,42.0,31.0,37.0,63.0,44.0,29.0,32.0,29.0,23.0,18.0,16.0,10.0,16.0,3.0
31268.0,42.0,30.0,16.0,7.0,3.0,3.0,46.0,152.0,182.0,108.0,148.0,146.0,149.0,131.0,152.0,137.0,266.0,492.0,479.0,357.0,229.0,166.0,126.0,89.0,79.0,60.0,91.0,42.0,13.0,4.0,48.0,206.0,413.0,247.0,87.0,149.0,173.0,141.0,144.0,161.0,176.0,211.0,252.0,194.0,184.0,120.0,115.0,77.0
31063.0,0.0,1.0,0.0,0.0,0.0,0.0,0.0,0.0,0.0,1.0,3.0,1.0,2.0,3.0,7.0,10.0,15.0,7.0,8.0,1.0,4.0,0.0,2.0,1.0,0.0,0.0,0.0,0.0,0.0,0.0,0.0,0.0,1.0,0.0,2.0,2.0,2.0,9.0,12.0,10.0,5.0,7.0,4.0,4.0,0.0,0.0,1.0,0.0
31064.0,0.0,0.0,0.0,0.0,0.0,0.0,0.0,0.0,1.0,2.0,2.0,3.0,2.0,1.0,5.0,3.0,7.0,7.0,3.0,1.0,0.0,0.0,1.0,0.0,0.0,0.0,0.0,0.0,0.0,0.0,0.0,0.0,0.0,3.0,1.0,2.0,0.0,3.0,6.0,2.0,7.0,5.0,0.0,0.0,0.0,0.0,0.0,0.0
31065.0,9.0,3.0,3.0,1.0,1.0,0.0,0.0,5.0,3.0,22.0,3.0,6.0,13.0,12.0,10.0,15.0,14.0,22.0,33.0,20.0,18.0,24.0,13.0,14.0,0.0,1.0,0.0,1.0,0.0,1.0,3.0,25.0,30.0,21.0,6.0,10.0,16.0,26.0,9.0,11.0,11.0,18.0,14.0,6.0,7.0,5.0,6.0,3.0
31066.0,0.0,2.0,0.0,2.0,0.0,0.0,0.0,1.0,0.0,1.0,5.0,1.0,0.0,3.0,5.0,2.0,5.0,5.0,18.0,22.0,13.0,10.0,0.0,1.0,0.0,1.0,1.0,1.0,0.0,0.0,0.0,4.0,10.0,12.0,18.0,4.0,6.0,4.0,6.0,6.0,4.0,4.0,3.0,4.0,2.0,2.0,0.0,0.0
31269.0,16.0,2.0,3.0,1.0,1.0,0.0,39.0,66.0,205.0,126.0,107.0,100.0,127.0,119.0,107.0,196.0,161.0,158.0,179.0,126.0,61.0,37.0,31.0,19.0,20.0,7.0,5.0,2.0,4.0,4.0,19.0,58.0,83.0,98.0,83.0,94.0,146.0,172.0,179.0,154.0,152.0,201.0,194.0,164.0,132.0,106.0,47.0,25.0
31270.0,6.0,6.0,1.0,20.0,3.0,2.0,10.0,84.0,167.0,188.0,85.0,103.0,160.0,156.0,156.0,129.0,162.0,207.0,223.0,104.0,72.0,30.0,16.0,10.0,11.0,5.0,0.0,1.0,0.0,1.0,5.0,78.0,91.0,48.0,44.0,47.0,101.0,119.0,106.0,110.0,122.0,195.0,149.0,86.0,68.0,36.0,38.0,21.0
31118.0,31.0,22.0,14.0,3.0,1.0,0.0,3.0,15.0,22.0,18.0,21.0,28.0,37.0,53.0,49.0,68.0,86.0,174.0,224.0,183.0,154.0,130.0,96.0,69.0,10.0,3.0,8.0,1.0,0.0,3.0,45.0,252.0,340.0,114.0,93.0,95.0,79.0,73.0,65.0,59.0,44.0,86.0,91.0,77.0,39.0,26.0,18.0,13.0
31513.0,9.0,10.0,4.0,3.0,0.0,0.0,0.0,2.0,5.0,5.0,9.0,6.0,17.0,8.0,14.0,21.0,18.0,40.0,55.0,53.0,30.0,35.0,17.0,18.0,3.0,0.0,8.0,0.0,1.0,11.0,12.0,79.0,99.0,77.0,54.0,26.0,32.0,39.0,30.0,28.0,19.0,41.0,52.0,39.0,17.0,13.0,16.0,7.0
31271.0,7.0,7.0,10.0,2.0,0.0,3.0,12.0,125.0,254.0,229.0,144.0,144.0,157.0,201.0,163.0,208.0,227.0,229.0,145.0,62.0,76.0,31.0,32.0,23.0,13.0,13.0,10.0,2.0,2.0,5.0,7.0,35.0,54.0,51.0,58.0,99.0,148.0,172.0,175.0,224.0,290.0,440.0,250.0,118.0,64.0,35.0,42.0,23.0
31272.0,5.0,0.0,2.0,0.0,0.0,7.0,38.0,59.0,439.0,272.0,83.0,109.0,131.0,182.0,176.0,179.0,148.0,136.0,90.0,44.0,20.0,7.0,11.0,4.0,3.0,1.0,0.0,0.0,0.0,0.0,2.0,8.0,25.0,46.0,34.0,87.0,95.0,150.0,180.0,237.0,332.0,355.0,218.0,78.0,47.0,26.0,8.0,13.0
31633.0,0.0,0.0,0.0,0.0,0.0,0.0,2.0,28.0,157.0,139.0,29.0,33.0,39.0,48.0,59.0,53.0,39.0,48.0,42.0,4.0,4.0,0.0,5.0,0.0,0.0,0.0,1.0,0.0,0.0,0.0,0.0,2.0,15.0,11.0,15.0,30.0,32.0,60.0,49.0,83.0,130.0,178.0,123.0,49.0,9.0,3.0,3.0,0.0
31514.0,3.0,1.0,1.0,0.0,0.0,0.0,1.0,1.0,15.0,4.0,3.0,2.0,4.0,8.0,12.0,7.0,14.0,19.0,33.0,19.0,10.0,15.0,5.0,2.0,1.0,3.0,0.0,0.0,1.0,1.0,1.0,16.0,75.0,31.0,8.0,7.0,12.0,16.0,15.0,17.0,11.0,9.0,13.0,4.0,3.0,0.0,0.0,0.0
31067.0,0.0,2.0,0.0,1.0,0.0,0.0,1.0,3.0,3.0,5.0,5.0,4.0,9.0,4.0,8.0,14.0,9.0,12.0,20.0,7.0,10.0,3.0,4.0,3.0,0.0,2.0,0.0,1.0,0.0,0.0,3.0,19.0,12.0,3.0,19.0,6.0,4.0,8.0,6.0,13.0,10.0,11.0,16.0,2.0,0.0,9.0,0.0,0.0
31068.0,1.0,0.0,0.0,0.0,0.0,0.0,1.0,0.0,1.0,2.0,0.0,0.0,2.0,3.0,6.0,5.0,5.0,8.0,30.0,25.0,2.0,2.0,2.0,1.0,0.0,0.0,0.0,0.0,0.0,0.0,4.0,0.0,0.0,30.0,0.0,3.0,1.0,2.0,9.0,9.0,3.0,5.0,2.0,0.0,1.0,3.0,0.0,0.0
31069.0,2.0,1.0,2.0,1.0,0.0,0.0,17.0,46.0,9.0,2.0,3.0,5.0,12.0,10.0,17.0,13.0,20.0,36.0,21.0,11.0,29.0,27.0,30.0,20.0,0.0,0.0,0.0,0.0,0.0,0.0,8.0,22.0,41.0,38.0,18.0,24.0,29.0,11.0,17.0,37.0,47.0,15.0,19.0,6.0,3.0,2.0,2.0,0.0
32001.0,1.0,0.0,0.0,0.0,0.0,0.0,0.0,4.0,4.0,3.0,5.0,0.0,3.0,4.0,2.0,1.0,1.0,5.0,12.0,1.0,0.0,0.0,1.0,0.0,0.0,0.0,0.0,0.0,0.0,0.0,1.0,1.0,13.0,3.0,2.0,4.0,9.0,7.0,2.0,8.0,0.0,9.0,5.0,3.0,15.0,0.0,0.0,0.0
32002.0,0.0,3.0,0.0,0.0,0.0,0.0,0.0,3.0,5.0,31.0,19.0,16.0,19.0,19.0,27.0,26.0,18.0,33.0,15.0,13.0,3.0,2.0,0.0,2.0,2.0,0.0,0.0,0.0,0.0,0.0,1.0,4.0,15.0,3.0,4.0,11.0,23.0,19.0,21.0,21.0,28.0,19.0,8.0,6.0,0.0,3.0,1.0,10.0
32003.0,0.0,0.0,0.0,0.0,0.0,0.0,0.0,0.0,2.0,3.0,1.0,1.0,2.0,2.0,0.0,0.0,4.0,6.0,8.0,6.0,7.0,1.0,0.0,0.0,0.0,0.0,0.0,0.0,0.0,0.0,0.0,0.0,2.0,0.0,3.0,1.0,4.0,2.0,3.0,0.0,0.0,8.0,4.0,1.0,4.0,6.0,5.0,0.0
32004.0,0.0,0.0,0.0,0.0,0.0,0.0,0.0,0.0,0.0,0.0,0.0,1.0,2.0,5.0,1.0,0.0,0.0,3.0,0.0,1.0,3.0,3.0,1.0,0.0,1.0,0.0,0.0,0.0,0.0,0.0,0.0,4.0,5.0,0.0,3.0,0.0,4.0,3.0,0.0,2.0,1.0,1.0,1.0,0.0,0.0,0.0,0.0,1.0
32005.0,0.0,0.0,0.0,0.0,0.0,0.0,0.0,0.0,0.0,0.0,0.0,0.0,2.0,0.0,0.0,0.0,1.0,2.0,0.0,0.0,0.0,1.0,0.0,0.0,0.0,0.0,0.0,0.0,0.0,0.0,0.0,0.0,0.0,0.0,0.0,0.0,2.0,0.0,1.0,0.0,2.0,0.0,0.0,0.0,0.0,2.0,0.0,0.0
32000.0,0.0,0.0,0.0,0.0,0.0,3.0,7.0,2.0,22.0,36.0,1.0,7.0,10.0,12.0,5.0,10.0,4.0,12.0,20.0,7.0,3.0,1.0,0.0,1.0,1.0,2.0,1.0,1.0,0.0,0.0,1.0,3.0,5.0,5.0,4.0,5.0,14.0,9.0,16.0,6.0,10.0,39.0,29.0,8.0,8.0,1.0,3.0,6.0
32007.0,0.0,0.0,0.0,0.0,0.0,1.0,0.0,3.0,40.0,0.0,4.0,2.0,3.0,3.0,0.0,1.0,7.0,4.0,1.0,1.0,3.0,2.0,1.0,0.0,0.0,0.0,0.0,0.0,0.0,0.0,0.0,0.0,0.0,1.0,2.0,2.0,2.0,3.0,1.0,3.0,26.0,22.0,2.0,7.0,3.0,1.0,1.0,0.0
32008.0,2.0,2.0,0.0,0.0,0.0,0.0,0.0,0.0,2.0,15.0,4.0,5.0,3.0,6.0,5.0,2.0,9.0,14.0,23.0,11.0,6.0,5.0,1.0,1.0,2.0,0.0,1.0,0.0,0.0,0.0,0.0,1.0,8.0,16.0,6.0,10.0,14.0,10.0,12.0,5.0,2.0,0.0,4.0,5.0,8.0,2.0,2.0,2.0
32009.0,0.0,0.0,0.0,0.0,0.0,0.0,0.0,0.0,0.0,0.0,3.0,2.0,0.0,1.0,0.0,1.0,0.0,1.0,6.0,18.0,2.0,1.0,0.0,0.0,0.0,0.0,0.0,0.0,0.0,0.0,0.0,1.0,5.0,18.0,3.0,0.0,0.0,0.0,1.0,1.0,5.0,0.0,1.0,0.0,0.0,0.0,0.0,0.0
32010.0,1.0,0.0,0.0,0.0,0.0,0.0,0.0,5.0,36.0,4.0,2.0,4.0,5.0,6.0,12.0,7.0,12.0,11.0,22.0,16.0,6.0,7.0,5.0,1.0,0.0,0.0,0.0,0.0,0.0,0.0,18.0,32.0,1.0,0.0,4.0,3.0,9.0,4.0,7.0,7.0,4.0,14.0,11.0,2.0,1.0,2.0,1.0,2.0
32011.0,1.0,1.0,0.0,0.0,0.0,0.0,4.0,1.0,10.0,1.0,3.0,2.0,7.0,5.0,8.0,9.0,15.0,31.0,36.0,10.0,4.0,10.0,5.0,11.0,0.0,0.0,0.0,0.0,0.0,0.0,5.0,5.0,10.0,4.0,4.0,3.0,4.0,8.0,12.0,5.0,6.0,4.0,9.0,0.0,0.0,1.0,1.0,0.0
32012.0,1.0,0.0,0.0,0.0,0.0,0.0,1.0,0.0,8.0,6.0,4.0,2.0,3.0,8.0,9.0,5.0,12.0,13.0,9.0,7.0,11.0,7.0,4.0,0.0,0.0,0.0,0.0,1.0,0.0,1.0,0.0,1.0,6.0,2.0,6.0,2.0,3.0,5.0,12.0,12.0,7.0,15.0,13.0,6.0,2.0,3.0,3.0,1.0
32014.0,2.0,1.0,2.0,2.0,0.0,5.0,8.0,3.0,22.0,9.0,4.0,13.0,19.0,14.0,38.0,15.0,9.0,14.0,15.0,7.0,4.0,7.0,6.0,2.0,3.0,0.0,1.0,0.0,0.0,0.0,7.0,4.0,10.0,12.0,12.0,15.0,25.0,17.0,29.0,22.0,27.0,19.0,24.0,9.0,6.0,6.0,3.0,1.0
31119.0,58.0,28.0,27.0,17.0,8.0,24.0,15.0,55.0,62.0,50.0,48.0,95.0,100.0,77.0,80.0,98.0,137.0,293.0,332.0,241.0,173.0,102.0,108.0,86.0,40.0,15.0,11.0,6.0,4.0,38.0,86.0,253.0,434.0,156.0,183.0,180.0,153.0,142.0,135.0,112.0,122.0,186.0,211.0,172.0,142.0,106.0,73.0,51.0
31634.0,3.0,3.0,1.0,0.0,0.0,26.0,8.0,91.0,102.0,52.0,43.0,30.0,63.0,46.0,70.0,68.0,78.0,93.0,65.0,77.0,21.0,16.0,12.0,4.0,20.0,3.0,0.0,0.0,0.0,3.0,5.0,7.0,17.0,8.0,14.0,19.0,41.0,57.0,47.0,87.0,168.0,119.0,50.0,52.0,39.0,36.0,14.0,10.0
31120.0,15.0,7.0,10.0,5.0,0.0,0.0,4.0,6.0,14.0,14.0,19.0,28.0,38.0,46.0,43.0,46.0,38.0,60.0,103.0,103.0,104.0,54.0,45.0,33.0,10.0,5.0,7.0,7.0,0.0,4.0,23.0,26.0,160.0,97.0,44.0,44.0,45.0,59.0,35.0,47.0,34.0,46.0,46.0,49.0,23.0,15.0,14.0,22.0
31635.0,0.0,0.0,0.0,0.0,0.0,0.0,66.0,74.0,57.0,26.0,15.0,12.0,19.0,18.0,11.0,11.0,12.0,11.0,5.0,13.0,6.0,1.0,0.0,1.0,2.0,1.0,0.0,1.0,0.0,2.0,0.0,4.0,17.0,15.0,8.0,23.0,23.0,24.0,22.0,67.0,115.0,59.0,19.0,8.0,11.0,8.0,0.0,1.0
32015.0,0.0,0.0,0.0,0.0,0.0,0.0,0.0,0.0,0.0,0.0,2.0,2.0,0.0,0.0,0.0,0.0,1.0,2.0,0.0,0.0,0.0,0.0,0.0,0.0,0.0,0.0,0.0,0.0,0.0,0.0,0.0,0.0,2.0,0.0,1.0,3.0,0.0,1.0,1.0,0.0,1.0,0.0,0.0,0.0,0.0,0.0,0.0,0.0
32016.0,0.0,0.0,0.0,0.0,0.0,0.0,0.0,0.0,0.0,0.0,2.0,0.0,5.0,1.0,0.0,1.0,2.0,4.0,4.0,2.0,5.0,0.0,0.0,0.0,0.0,0.0,0.0,0.0,0.0,0.0,0.0,0.0,0.0,1.0,2.0,0.0,5.0,1.0,3.0,1.0,2.0,2.0,1.0,4.0,0.0,0.0,0.0,0.0
32017.0,0.0,0.0,0.0,0.0,0.0,0.0,0.0,1.0,7.0,9.0,5.0,0.0,2.0,2.0,3.0,2.0,3.0,1.0,10.0,15.0,7.0,2.0,6.0,1.0,0.0,1.0,0.0,0.0,0.0,0.0,0.0,0.0,8.0,3.0,6.0,0.0,4.0,2.0,1.0,1.0,3.0,2.0,3.0,13.0,2.0,2.0,1.0,1.0
32018.0,0.0,0.0,0.0,0.0,0.0,0.0,0.0,0.0,0.0,0.0,0.0,2.0,1.0,0.0,0.0,0.0,1.0,1.0,0.0,0.0,0.0,0.0,0.0,0.0,0.0,0.0,0.0,0.0,0.0,0.0,0.0,0.0,0.0,0.0,2.0,2.0,1.0,0.0,0.0,0.0,1.0,1.0,0.0,0.0,0.0,0.0,0.0,0.0
32019.0,2.0,0.0,1.0,1.0,0.0,0.0,0.0,0.0,9.0,1.0,5.0,1.0,3.0,3.0,3.0,5.0,6.0,14.0,11.0,7.0,8.0,9.0,4.0,0.0,1.0,1.0,0.0,0.0,1.0,0.0,0.0,6.0,4.0,3.0,4.0,3.0,5.0,9.0,6.0,4.0,9.0,8.0,15.0,14.0,11.0,17.0,1.0,0.0
32020.0,0.0,0.0,0.0,0.0,0.0,0.0,0.0,0.0,1.0,0.0,2.0,4.0,0.0,2.0,1.0,0.0,1.0,0.0,0.0,0.0,0.0,0.0,0.0,0.0,0.0,0.0,0.0,0.0,0.0,0.0,0.0,0.0,0.0,0.0,0.0,2.0,0.0,2.0,0.0,0.0,1.0,3.0,0.0,0.0,0.0,0.0,0.0,0.0
32021.0,0.0,0.0,0.0,0.0,0.0,0.0,6.0,2.0,1.0,3.0,2.0,6.0,8.0,2.0,4.0,6.0,8.0,5.0,4.0,5.0,1.0,0.0,0.0,0.0,1.0,0.0,0.0,0.0,0.0,7.0,2.0,0.0,1.0,0.0,4.0,7.0,2.0,6.0,9.0,2.0,7.0,4.0,4.0,1.0,3.0,0.0,0.0,0.0
32022.0,0.0,0.0,2.0,0.0,0.0,0.0,0.0,0.0,1.0,0.0,0.0,3.0,0.0,2.0,1.0,6.0,1.0,0.0,2.0,0.0,0.0,0.0,0.0,0.0,0.0,0.0,0.0,0.0,0.0,0.0,0.0,10.0,11.0,1.0,0.0,3.0,3.0,2.0,0.0,1.0,1.0,0.0,0.0,2.0,0.0,0.0,0.0,0.0
32023.0,1.0,1.0,0.0,0.0,0.0,0.0,0.0,0.0,5.0,0.0,0.0,0.0,2.0,3.0,1.0,1.0,1.0,17.0,1.0,1.0,0.0,1.0,1.0,0.0,0.0,0.0,0.0,0.0,0.0,0.0,0.0,0.0,0.0,0.0,0.0,0.0,3.0,10.0,1.0,1.0,2.0,0.0,2.0,0.0,7.0,6.0,3.0,0.0
32024.0,0.0,0.0,0.0,0.0,0.0,0.0,2.0,0.0,0.0,2.0,2.0,2.0,3.0,0.0,2.0,3.0,1.0,5.0,18.0,4.0,1.0,1.0,1.0,0.0,0.0,0.0,0.0,0.0,0.0,0.0,0.0,5.0,11.0,2.0,5.0,3.0,2.0,3.0,2.0,6.0,1.0,3.0,5.0,5.0,2.0,2.0,0.0,0.0
32025.0,0.0,0.0,1.0,0.0,0.0,26.0,4.0,4.0,7.0,11.0,7.0,4.0,12.0,15.0,13.0,11.0,6.0,18.0,13.0,6.0,3.0,3.0,0.0,3.0,1.0,0.0,0.0,0.0,0.0,0.0,0.0,2.0,16.0,7.0,6.0,8.0,12.0,14.0,22.0,9.0,12.0,16.0,23.0,7.0,3.0,9.0,1.0,1.0
32026.0,0.0,1.0,0.0,0.0,1.0,0.0,0.0,0.0,0.0,1.0,2.0,4.0,3.0,11.0,9.0,7.0,17.0,26.0,43.0,28.0,41.0,11.0,4.0,2.0,0.0,0.0,0.0,0.0,1.0,32.0,5.0,6.0,74.0,29.0,7.0,6.0,5.0,8.0,12.0,3.0,9.0,2.0,5.0,4.0,3.0,1.0,0.0,0.0
32027.0,2.0,0.0,2.0,0.0,0.0,0.0,0.0,0.0,5.0,7.0,1.0,5.0,11.0,13.0,6.0,3.0,9.0,27.0,67.0,14.0,5.0,3.0,6.0,2.0,0.0,0.0,0.0,0.0,0.0,0.0,0.0,13.0,43.0,50.0,4.0,7.0,17.0,11.0,8.0,10.0,11.0,18.0,22.0,7.0,1.0,4.0,0.0,0.0
32028.0,2.0,0.0,0.0,0.0,0.0,0.0,0.0,5.0,3.0,3.0,4.0,8.0,5.0,2.0,5.0,2.0,8.0,18.0,6.0,4.0,0.0,8.0,7.0,10.0,1.0,1.0,1.0,0.0,0.0,9.0,2.0,3.0,17.0,14.0,3.0,6.0,4.0,5.0,8.0,5.0,4.0,7.0,10.0,10.0,5.0,2.0,1.0,0.0
32029.0,2.0,0.0,3.0,0.0,0.0,0.0,0.0,0.0,1.0,3.0,5.0,7.0,3.0,10.0,4.0,13.0,12.0,25.0,27.0,19.0,8.0,2.0,4.0,1.0,0.0,0.0,0.0,0.0,0.0,0.0,1.0,3.0,21.0,29.0,8.0,15.0,19.0,11.0,5.0,9.0,10.0,2.0,8.0,6.0,2.0,0.0,1.0,0.0
32030.0,0.0,0.0,0.0,0.0,0.0,0.0,0.0,0.0,0.0,0.0,0.0,0.0,2.0,0.0,0.0,0.0,1.0,0.0,1.0,1.0,0.0,0.0,0.0,0.0,0.0,0.0,0.0,0.0,0.0,0.0,0.0,0.0,0.0,0.0,0.0,0.0,2.0,0.0,0.0,1.0,0.0,1.0,0.0,1.0,0.0,0.0,0.0,0.0
32031.0,0.0,0.0,0.0,0.0,0.0,0.0,0.0,0.0,0.0,0.0,2.0,0.0,0.0,0.0,3.0,0.0,19.0,12.0,0.0,3.0,1.0,0.0,0.0,1.0,0.0,0.0,0.0,0.0,1.0,0.0,3.0,2.0,36.0,0.0,3.0,1.0,2.0,0.0,0.0,0.0,0.0,2.0,0.0,0.0,0.0,0.0,0.0,0.0
32032.0,0.0,2.0,0.0,0.0,0.0,0.0,0.0,0.0,7.0,0.0,4.0,2.0,2.0,4.0,0.0,5.0,1.0,5.0,4.0,0.0,1.0,1.0,1.0,1.0,0.0,1.0,0.0,0.0,0.0,0.0,0.0,0.0,1.0,0.0,2.0,1.0,1.0,4.0,1.0,5.0,3.0,4.0,1.0,0.0,0.0,1.0,0.0,0.0
32033.0,0.0,0.0,0.0,0.0,0.0,0.0,0.0,2.0,37.0,2.0,0.0,3.0,1.0,1.0,0.0,0.0,0.0,1.0,3.0,0.0,0.0,0.0,0.0,0.0,0.0,0.0,0.0,0.0,0.0,0.0,0.0,0.0,0.0,0.0,0.0,1.0,4.0,0.0,2.0,0.0,23.0,11.0,2.0,2.0,0.0,0.0,0.0,0.0
32034.0,0.0,0.0,0.0,0.0,0.0,0.0,0.0,5.0,8.0,2.0,2.0,1.0,0.0,1.0,2.0,0.0,2.0,1.0,2.0,1.0,1.0,1.0,3.0,0.0,0.0,1.0,0.0,0.0,0.0,0.0,1.0,0.0,4.0,1.0,3.0,3.0,1.0,2.0,0.0,3.0,3.0,7.0,19.0,3.0,2.0,1.0,2.0,0.0
32035.0,0.0,0.0,0.0,0.0,0.0,0.0,0.0,13.0,2.0,0.0,0.0,2.0,3.0,0.0,0.0,0.0,2.0,2.0,4.0,0.0,1.0,0.0,0.0,0.0,0.0,0.0,0.0,0.0,0.0,0.0,0.0,12.0,2.0,0.0,1.0,1.0,3.0,1.0,2.0,3.0,5.0,2.0,0.0,1.0,1.0,1.0,0.0,0.0
32036.0,0.0,1.0,0.0,0.0,0.0,0.0,2.0,0.0,0.0,4.0,5.0,7.0,9.0,7.0,9.0,16.0,6.0,20.0,16.0,11.0,9.0,17.0,0.0,1.0,0.0,2.0,0.0,0.0,0.0,0.0,1.0,1.0,6.0,0.0,2.0,7.0,4.0,3.0,7.0,14.0,3.0,5.0,9.0,13.0,7.0,12.0,13.0,4.0
31121.0,35.0,41.0,19.0,12.0,1.0,8.0,113.0,188.0,282.0,158.0,149.0,145.0,133.0,124.0,142.0,162.0,147.0,259.0,285.0,201.0,127.0,108.0,65.0,47.0,45.0,20.0,13.0,5.0,2.0,12.0,74.0,105.0,196.0,191.0,153.0,160.0,194.0,151.0,173.0,189.0,222.0,395.0,351.0,232.0,153.0,139.0,99.0,67.0
31636.0,22.0,18.0,19.0,3.0,1.0,0.0,4.0,11.0,18.0,25.0,24.0,24.0,32.0,33.0,44.0,39.0,77.0,134.0,158.0,99.0,75.0,45.0,35.0,27.0,3.0,3.0,2.0,2.0,1.0,4.0,5.0,47.0,184.0,149.0,68.0,57.0,63.0,50.0,52.0,48.0,38.0,51.0,78.0,64.0,65.0,38.0,16.0,8.0
31710.0,0.0,0.0,0.0,0.0,0.0,0.0,0.0,1.0,2.0,1.0,2.0,0.0,0.0,1.0,3.0,0.0,1.0,2.0,1.0,1.0,1.0,1.0,2.0,7.0,0.0,0.0,0.0,0.0,1.0,1.0,2.0,0.0,3.0,0.0,4.0,4.0,1.0,1.0,0.0,0.0,2.0,0.0,3.0,2.0,0.0,0.0,0.0,0.0
31711.0,3.0,2.0,1.0,1.0,0.0,0.0,0.0,0.0,0.0,1.0,1.0,0.0,1.0,2.0,0.0,0.0,1.0,0.0,0.0,0.0,0.0,0.0,1.0,1.0,0.0,0.0,0.0,0.0,0.0,0.0,0.0,0.0,1.0,0.0,0.0,2.0,1.0,0.0,1.0,6.0,2.0,0.0,2.0,1.0,1.0,0.0,0.0,0.0
31273.0,0.0,0.0,0.0,0.0,0.0,0.0,4.0,10.0,6.0,10.0,8.0,14.0,24.0,24.0,32.0,71.0,48.0,31.0,39.0,6.0,6.0,0.0,0.0,0.0,0.0,0.0,0.0,0.0,3.0,3.0,42.0,4.0,7.0,20.0,8.0,10.0,19.0,26.0,36.0,33.0,52.0,25.0,16.0,21.0,8.0,4.0,4.0,0.0
31070.0,2.0,0.0,0.0,0.0,0.0,0.0,0.0,4.0,0.0,1.0,4.0,6.0,4.0,4.0,8.0,11.0,10.0,20.0,7.0,11.0,0.0,2.0,0.0,1.0,0.0,2.0,0.0,0.0,0.0,0.0,10.0,7.0,8.0,7.0,11.0,9.0,6.0,8.0,3.0,4.0,6.0,4.0,1.0,2.0,0.0,0.0,0.0,0.0
31071.0,0.0,0.0,0.0,0.0,0.0,0.0,2.0,2.0,1.0,1.0,0.0,6.0,10.0,6.0,6.0,5.0,4.0,8.0,10.0,1.0,2.0,1.0,0.0,0.0,0.0,0.0,0.0,0.0,0.0,0.0,0.0,0.0,0.0,2.0,1.0,6.0,8.0,16.0,4.0,7.0,10.0,9.0,9.0,2.0,3.0,1.0,0.0,0.0
32039.0,0.0,0.0,0.0,2.0,0.0,0.0,0.0,1.0,7.0,6.0,4.0,6.0,7.0,9.0,3.0,3.0,4.0,11.0,6.0,1.0,1.0,1.0,3.0,0.0,0.0,0.0,0.0,0.0,0.0,0.0,0.0,7.0,2.0,0.0,4.0,6.0,5.0,8.0,7.0,8.0,10.0,15.0,12.0,5.0,6.0,2.0,0.0,0.0
32040.0,1.0,0.0,0.0,0.0,0.0,0.0,0.0,3.0,2.0,41.0,0.0,0.0,0.0,3.0,4.0,6.0,6.0,11.0,11.0,1.0,1.0,1.0,1.0,0.0,0.0,0.0,0.0,0.0,0.0,0.0,0.0,0.0,8.0,7.0,4.0,1.0,0.0,4.0,9.0,4.0,8.0,15.0,23.0,1.0,1.0,1.0,0.0,0.0
31637.0,0.0,3.0,1.0,0.0,0.0,3.0,14.0,52.0,209.0,132.0,91.0,49.0,63.0,89.0,46.0,47.0,96.0,194.0,70.0,17.0,7.0,8.0,4.0,2.0,1.0,1.0,1.0,0.0,0.0,2.0,15.0,22.0,45.0,33.0,29.0,31.0,60.0,53.0,49.0,62.0,95.0,215.0,154.0,75.0,47.0,19.0,12.0,7.0
31072.0,0.0,1.0,1.0,1.0,0.0,0.0,0.0,0.0,1.0,0.0,0.0,0.0,0.0,3.0,2.0,2.0,4.0,1.0,3.0,0.0,0.0,0.0,0.0,0.0,0.0,0.0,0.0,0.0,0.0,0.0,1.0,0.0,4.0,4.0,3.0,3.0,5.0,4.0,4.0,9.0,3.0,2.0,4.0,0.0,1.0,1.0,1.0,2.0
31073.0,1.0,1.0,0.0,0.0,0.0,0.0,1.0,2.0,7.0,1.0,2.0,3.0,5.0,3.0,3.0,3.0,5.0,6.0,23.0,8.0,1.0,3.0,0.0,2.0,0.0,0.0,0.0,0.0,0.0,0.0,1.0,2.0,5.0,5.0,2.0,2.0,7.0,4.0,5.0,12.0,10.0,7.0,2.0,2.0,3.0,4.0,0.0,1.0
31074.0,1.0,0.0,0.0,0.0,0.0,0.0,0.0,1.0,0.0,0.0,0.0,5.0,10.0,2.0,8.0,8.0,17.0,21.0,27.0,10.0,6.0,5.0,0.0,0.0,0.0,0.0,0.0,0.0,0.0,0.0,1.0,8.0,1.0,9.0,7.0,9.0,10.0,10.0,7.0,9.0,9.0,1.0,4.0,2.0,1.0,4.0,1.0,0.0
31313.0,5.0,3.0,1.0,0.0,0.0,1.0,1.0,6.0,8.0,4.0,6.0,9.0,12.0,17.0,18.0,19.0,24.0,49.0,22.0,16.0,20.0,17.0,29.0,12.0,1.0,1.0,1.0,1.0,0.0,0.0,3.0,21.0,36.0,20.0,23.0,24.0,18.0,19.0,34.0,27.0,13.0,28.0,28.0,17.0,9.0,5.0,7.0,3.0
32041.0,0.0,0.0,0.0,0.0,0.0,0.0,0.0,0.0,0.0,0.0,1.0,1.0,2.0,0.0,2.0,1.0,0.0,0.0,0.0,0.0,0.0,0.0,0.0,0.0,0.0,0.0,0.0,0.0,0.0,0.0,0.0,0.0,0.0,0.0,1.0,1.0,2.0,1.0,2.0,0.0,0.0,0.0,0.0,0.0,0.0,0.0,0.0,0.0
32042.0,0.0,0.0,0.0,0.0,0.0,0.0,0.0,0.0,0.0,0.0,0.0,1.0,2.0,0.0,1.0,0.0,0.0,0.0,0.0,1.0,0.0,0.0,0.0,0.0,0.0,0.0,0.0,0.0,0.0,0.0,0.0,0.0,1.0,0.0,0.0,0.0,2.0,0.0,1.0,0.0,0.0,0.0,0.0,1.0,0.0,0.0,0.0,0.0
32043.0,0.0,0.0,0.0,1.0,0.0,0.0,0.0,0.0,0.0,0.0,1.0,2.0,1.0,0.0,1.0,4.0,1.0,9.0,5.0,3.0,0.0,1.0,0.0,1.0,1.0,0.0,0.0,0.0,0.0,0.0,0.0,0.0,4.0,1.0,0.0,2.0,0.0,2.0,1.0,3.0,6.0,1.0,3.0,1.0,8.0,2.0,0.0,0.0
32044.0,0.0,0.0,0.0,0.0,0.0,0.0,0.0,0.0,4.0,10.0,1.0,2.0,0.0,2.0,0.0,3.0,2.0,6.0,0.0,0.0,0.0,0.0,0.0,0.0,0.0,0.0,0.0,0.0,0.0,0.0,0.0,0.0,6.0,0.0,3.0,3.0,0.0,3.0,0.0,0.0,0.0,3.0,5.0,9.0,1.0,0.0,0.0,1.0
31638.0,0.0,4.0,0.0,1.0,2.0,3.0,6.0,16.0,33.0,32.0,17.0,16.0,15.0,36.0,16.0,29.0,22.0,48.0,37.0,32.0,20.0,11.0,14.0,3.0,4.0,2.0,1.0,1.0,2.0,1.0,3.0,2.0,11.0,19.0,13.0,14.0,31.0,39.0,24.0,42.0,43.0,52.0,47.0,45.0,17.0,21.0,13.0,6.0
31515.0,0.0,0.0,0.0,0.0,0.0,0.0,0.0,1.0,2.0,1.0,0.0,1.0,0.0,1.0,2.0,5.0,12.0,5.0,3.0,0.0,0.0,3.0,0.0,1.0,1.0,0.0,1.0,0.0,0.0,0.0,3.0,8.0,2.0,1.0,1.0,3.0,4.0,0.0,2.0,7.0,4.0,6.0,7.0,9.0,12.0,2.0,2.0,1.0
31408.0,1.0,0.0,0.0,1.0,0.0,6.0,7.0,36.0,56.0,27.0,9.0,10.0,12.0,12.0,13.0,10.0,8.0,19.0,11.0,5.0,15.0,5.0,1.0,0.0,4.0,0.0,0.0,0.0,0.0,0.0,5.0,3.0,19.0,8.0,14.0,5.0,6.0,8.0,14.0,8.0,31.0,77.0,69.0,31.0,19.0,19.0,13.0,9.0
31516.0,1.0,1.0,1.0,0.0,0.0,6.0,0.0,2.0,8.0,9.0,3.0,3.0,5.0,6.0,7.0,3.0,3.0,15.0,5.0,6.0,1.0,2.0,1.0,1.0,1.0,1.0,0.0,0.0,0.0,0.0,0.0,0.0,3.0,6.0,8.0,3.0,6.0,9.0,7.0,15.0,9.0,13.0,12.0,5.0,1.0,3.0,3.0,2.0
31075.0,0.0,0.0,0.0,0.0,0.0,0.0,0.0,0.0,0.0,0.0,0.0,2.0,0.0,0.0,0.0,1.0,0.0,0.0,0.0,1.0,0.0,0.0,0.0,0.0,0.0,0.0,0.0,0.0,0.0,0.0,0.0,0.0,2.0,0.0,0.0,2.0,0.0,0.0,0.0,1.0,0.0,0.0,0.0,0.0,0.0,0.0,0.0,0.0
31076.0,0.0,0.0,0.0,0.0,0.0,1.0,0.0,1.0,0.0,2.0,0.0,4.0,0.0,3.0,1.0,3.0,2.0,1.0,2.0,0.0,0.0,0.0,0.0,0.0,0.0,0.0,0.0,0.0,0.0,0.0,0.0,0.0,1.0,0.0,0.0,0.0,1.0,1.0,0.0,2.0,1.0,1.0,1.0,0.0,0.0,0.0,0.0,0.0
32045.0,0.0,0.0,0.0,0.0,0.0,0.0,0.0,0.0,0.0,0.0,0.0,0.0,0.0,0.0,0.0,0.0,0.0,0.0,0.0,0.0,0.0,0.0,0.0,0.0,0.0,0.0,0.0,0.0,0.0,0.0,0.0,0.0,0.0,0.0,0.0,0.0,0.0,0.0,0.0,0.0,0.0,0.0,0.0,0.0,0.0,0.0,0.0,0.0
32046.0,0.0,0.0,0.0,0.0,0.0,0.0,0.0,0.0,0.0,0.0,0.0,0.0,0.0,0.0,0.0,0.0,0.0,0.0,0.0,0.0,0.0,0.0,0.0,0.0,0.0,0.0,0.0,0.0,0.0,0.0,0.0,0.0,0.0,0.0,0.0,0.0,0.0,0.0,0.0,0.0,0.0,0.0,0.0,0.0,0.0,0.0,0.0,0.0
32047.0,0.0,0.0,0.0,0.0,0.0,0.0,0.0,0.0,0.0,0.0,0.0,0.0,0.0,0.0,0.0,0.0,0.0,0.0,0.0,0.0,0.0,0.0,0.0,0.0,0.0,0.0,0.0,0.0,0.0,0.0,0.0,0.0,0.0,0.0,0.0,0.0,0.0,0.0,0.0,0.0,0.0,0.0,0.0,0.0,0.0,0.0,0.0,0.0
32048.0,0.0,0.0,0.0,0.0,0.0,0.0,0.0,0.0,0.0,0.0,0.0,0.0,0.0,0.0,0.0,0.0,0.0,0.0,0.0,0.0,0.0,0.0,0.0,0.0,0.0,0.0,0.0,0.0,0.0,0.0,0.0,0.0,0.0,0.0,0.0,0.0,0.0,0.0,0.0,0.0,0.0,0.0,0.0,0.0,0.0,0.0,0.0,0.0
32038.0,0.0,0.0,0.0,0.0,0.0,0.0,0.0,0.0,0.0,0.0,0.0,2.0,0.0,3.0,1.0,2.0,7.0,1.0,0.0,0.0,0.0,0.0,0.0,0.0,0.0,0.0,0.0,0.0,0.0,0.0,0.0,1.0,17.0,0.0,0.0,2.0,1.0,1.0,2.0,1.0,1.0,0.0,8.0,11.0,1.0,2.0,0.0,1.0
32037.0,0.0,0.0,0.0,0.0,0.0,0.0,0.0,0.0,0.0,0.0,0.0,2.0,2.0,6.0,6.0,0.0,15.0,9.0,0.0,0.0,1.0,1.0,0.0,0.0,0.0,0.0,0.0,0.0,0.0,0.0,0.0,6.0,12.0,0.0,0.0,3.0,1.0,4.0,3.0,1.0,3.0,0.0,1.0,0.0,0.0,0.0,0.0,0.0
32013.0,3.0,0.0,0.0,0.0,0.0,5.0,3.0,14.0,55.0,18.0,6.0,6.0,11.0,12.0,11.0,15.0,13.0,19.0,22.0,12.0,7.0,7.0,0.0,2.0,6.0,1.0,2.0,0.0,0.0,0.0,1.0,1.0,4.0,18.0,17.0,18.0,7.0,10.0,7.0,10.0,18.0,40.0,47.0,26.0,10.0,9.0,6.0,2.0
